unique_id,experiment,AMP_effect_positive_negative,AMP_effect_obama_trump,IA_AMP_effect_positive_negative,influence_rate,influence_general,IA_AMP_uninfluenced_effect_positive_negative,IA_AMP_influenced_effect_positive_negative
1_2671117,1,NA,NA,0.32,0.46,4,0.02,0.69
1_28512505,1,NA,NA,0.25,0.68,5,-0.57,0.67
1_55027911,1,NA,NA,0.9,0.98,6,0.5,0.92
1_57535045,1,NA,NA,0.6,0.44,5,0.21,1
1_63553405,1,NA,NA,0,0.12,3,-0.09,0.7
1_74695784,1,NA,NA,0.5,0.48,5,0.14,0.64
1_76679422,1,NA,NA,0.73,0.82,6,-0.01,0.9
1_83203792,1,NA,NA,0.42,0.1,2,0.33,1
1_93431029,1,NA,NA,0.4,0.18,2,0.17,1
1_94734650,1,NA,NA,0.03,0.92,5,-0.15,0.04
1_97873212,1,NA,NA,0.08,0.17,3,0,0.25
1_99082660,1,NA,NA,0.47,0.49,4,0.08,0.9
1_109411715,1,NA,NA,0.23,0.33,3,-0.16,1
1_111493687,1,NA,NA,-0.08,0.44,6,-0.32,0.18
1_117743572,1,NA,NA,0.42,0.48,5,-0.11,0.97
1_117942941,1,NA,NA,0.48,0.53,5,0.11,0.81
1_117989195,1,NA,NA,0.23,0.18,3,0.04,1
1_132510654,1,NA,NA,0.07,0.87,6,0.42,0.01
1_143003079,1,NA,NA,0.1,0.12,2,0.02,0.71
1_146376097,1,NA,NA,0.33,0.34,3,0.01,1
1_148697371,1,NA,NA,0.92,0.87,6,0.33,0.98
1_153454388,1,NA,NA,-0.38,0.93,6,0.47,-0.45
1_171191766,1,NA,NA,0.18,0.04,2,0.17,0
1_178057064,1,NA,NA,0.2,0.51,4,-0.01,0.45
1_183137276,1,NA,NA,0.12,0.12,2,-0.01,1
1_185997782,1,NA,NA,0.08,0.18,2,0,0.5
1_223366611,1,NA,NA,0.32,0.98,4,1,0.3
1_232396325,1,NA,NA,0.3,0.85,5,-0.33,0.41
1_235085710,1,NA,NA,0.02,0.57,7,0.01,0.02
1_242688177,1,NA,NA,0.25,0.05,2,0.21,1
1_246956380,1,NA,NA,-0.08,0.97,7,0.5,-0.1
1_261248365,1,NA,NA,0.52,0.62,4,0.04,0.8
1_261349341,1,NA,NA,0.22,0.1,2,0.13,1
1_262445782,1,NA,NA,0.58,0.62,6,0.13,0.86
1_279160971,1,NA,NA,0.52,0.52,4,0,0.97
1_293786693,1,NA,NA,-0.02,0.38,4,-0,-0.53
1_333926469,1,NA,NA,0.1,0.11,3,-0.01,1
1_367876828,1,NA,NA,0.32,0.74,6,0.12,0.4
1_386883880,1,NA,NA,0.27,0.38,5,0.05,0.6
1_394903654,1,NA,NA,0.63,0.75,6,0.38,0.71
1_407826805,1,NA,NA,0.07,0.08,4,0.04,0.4
1_429354031,1,NA,NA,0.03,0.02,2,0.01,1
1_433913745,1,NA,NA,0.65,0.73,7,0.56,0.69
1_445294133,1,NA,NA,0.37,0.87,6,0,0.42
1_451071792,1,NA,NA,0.23,0.17,3,0.08,0.89
1_467624381,1,NA,NA,0.83,0.94,6,0.5,0.86
1_483064273,1,NA,NA,0.22,0.46,5,0.04,0.41
1_488167179,1,NA,NA,0.6,0.48,5,0.68,0.51
1_489270658,1,NA,NA,0.73,0.84,6,0.76,0.72
1_492324762,1,NA,NA,0.87,0.12,2,0.89,0.71
1_493020342,1,NA,NA,0.13,0.14,3,-0.03,0.83
1_526328031,1,NA,NA,0.18,0.09,2,0.09,1
1_532616537,1,NA,NA,0.33,0.7,6,0.13,0.4
1_538746433,1,NA,NA,-0.08,0.02,7,-0.09,0.5
1_540518491,1,NA,NA,0.22,0.13,2,0.1,1
1_542521283,1,NA,NA,0.12,0.14,3,-0.03,0
1_560873965,1,NA,NA,0.63,0.21,4,0.54,0.9
1_561569758,1,NA,NA,0.58,0.57,6,0.03,1
1_562010131,1,NA,NA,0.27,0.26,4,0.07,0.91
1_584800320,1,NA,NA,0.5,0.35,5,0.23,1
1_599341053,1,NA,NA,0.6,0.12,3,0.53,1
1_602920235,1,NA,NA,0.03,0.16,2,-0.07,0.58
1_638642545,1,NA,NA,0.5,0.78,6,-0.11,0.75
1_642361916,1,NA,NA,0.27,0.18,3,0.12,0.92
1_647643415,1,NA,NA,0.9,0.27,5,0.95,0.77
1_651264817,1,NA,NA,0.17,0.12,3,0,1
1_661377369,1,NA,NA,0.65,0.45,6,0.53,0.8
1_663686450,1,NA,NA,0.18,0.76,5,0.12,0.22
1_664202456,1,NA,NA,0.75,0.73,6,0.17,0.9
1_701662372,1,NA,NA,0.08,0.2,2,-0.08,0.93
1_709744420,1,NA,NA,0,0.08,3,-0.08,1
1_716811565,1,NA,NA,0,0.04,2,-0.02,0.67
1_719033942,1,NA,NA,0.05,0.17,3,-0.14,0.92
1_773925284,1,NA,NA,0.6,0.61,5,0.12,0.92
1_774232367,1,NA,NA,0.3,0.3,3,0.03,0.89
1_779884746,1,NA,NA,0.27,0.44,4,-0.1,0.73
1_782065153,1,NA,NA,0.6,0.16,3,0.57,0.79
1_788990416,1,NA,NA,0.55,0.38,7,0.52,0.6
1_795809044,1,NA,NA,0.55,0.39,2,0.72,0.28
1_812337667,1,NA,NA,0.15,0.49,4,0.11,0.19
1_813025343,1,NA,NA,0.5,0.93,6,0.5,0.46
1_852060263,1,NA,NA,0.63,0.86,6,-0.17,0.7
1_853519774,1,NA,NA,0.03,0.21,2,-0.21,0.95
1_854655436,1,NA,NA,-0.1,0.03,3,-0.12,0
1_857321127,1,NA,NA,0.42,0.06,4,0.43,0.08
1_861803864,1,NA,NA,0.2,0.82,4,-0.12,0.27
1_866780310,1,NA,NA,0.62,0.19,3,0.55,0.82
1_875173135,1,NA,NA,0.32,0.51,1,-0.19,0.8
1_883659666,1,NA,NA,0.23,0.39,4,-0.17,0.87
1_892409260,1,NA,NA,0.15,0.19,3,-0.04,0.5
1_904270315,1,NA,NA,0.77,0.08,2,0.76,0.5
1_913685378,1,NA,NA,0.85,0.95,6,1,0.84
1_917102915,1,NA,NA,0.72,0.83,4,0.8,0.7
1_928614438,1,NA,NA,0.65,0.7,5,-0.03,0.98
1_930039379,1,NA,NA,0.28,0.17,2,0.11,1
1_943848000,1,NA,NA,0.17,0.33,4,-0.14,0.84
1_946067883,1,NA,NA,0.47,0.65,6,-0.21,0.78
1_963962438,1,NA,NA,0.25,0.88,7,0.46,0.21
1_968375333,1,NA,NA,0.18,0.84,5,0.28,0.17
1_978113407,1,NA,NA,0.25,0.13,3,0.12,0.92
1_984715165,1,NA,NA,-0.15,0.08,2,-0.28,1
2_3545965,2,0.69,NA,0.89,1,6,NA,0.89
2_4760432,2,0.25,NA,0.28,0.85,6,NA,0.2
2_11515328,2,0.11,NA,0.03,0.03,2,NA,NA
2_21664305,2,0.03,NA,0.39,0.33,3,NA,0.56
2_27172297,2,0.69,NA,0.58,0.99,6,NA,0.58
2_36970580,2,0.39,NA,0.42,0.61,4,NA,0.57
2_41432451,2,0.89,NA,0.33,0.6,5,NA,0.85
2_69320430,2,0.03,NA,0.39,0.5,4,NA,0.93
2_75924109,2,0.83,NA,0.78,0.96,7,NA,0.85
2_83854743,2,0.58,NA,0.5,0.99,7,NA,0.52
2_96935104,2,0.44,NA,0.86,0.42,4,NA,0.85
2_97904951,2,-0.11,NA,0.5,0.99,6,NA,0.52
2_101262426,2,0.64,NA,0.83,0.93,6,NA,0.88
2_130397844,2,0.06,NA,0.28,1,5,NA,0.28
2_131526138,2,0.64,NA,0.67,1,7,NA,0.67
2_136022943,2,0.42,NA,0.75,0.72,6,NA,0.96
2_139843245,2,0.19,NA,0.25,0,2,NA,NA
2_142189929,2,-0.11,NA,-0.06,0.14,3,NA,0.4
2_152762024,2,-0.03,NA,0.17,0.12,2,NA,1
2_167375011,2,0.08,NA,0,0,1,NA,NA
2_168637346,2,0,NA,-0.64,0.01,2,NA,NA
2_179416344,2,0.14,NA,0.22,0.25,3,NA,0.91
2_180201925,2,0.03,NA,0.03,0,1,NA,NA
2_181289079,2,-0.08,NA,-0.03,0.04,2,NA,1
2_184299191,2,0.11,NA,0.17,0.03,3,NA,NA
2_187488134,2,0.11,NA,0.39,0.6,5,NA,0.51
2_199910059,2,-0.14,NA,0.25,0.24,2,NA,0.88
2_220026072,2,0.33,NA,0.64,0.9,6,NA,0.7
2_223027094,2,0,NA,0,0,1,NA,NA
2_229097424,2,0.58,NA,0.83,1,6,NA,0.83
2_230717514,2,0.03,NA,-0.03,0.49,7,NA,0.08
2_232955159,2,-0.08,NA,0,0.78,5,NA,-0.03
2_239069947,2,0.44,NA,0.75,1,7,NA,0.75
2_239892503,2,0.69,NA,0.86,1,7,NA,0.86
2_262081425,2,-0.25,NA,0.22,0.14,2,NA,0.67
2_267973744,2,0.61,NA,0.64,0.97,7,NA,0.66
2_273905501,2,0.08,NA,0.69,0.89,6,NA,0.84
2_277834946,2,0.08,NA,0.22,0.15,3,NA,0.86
2_278848772,2,0.92,NA,-0.08,0.22,3,NA,0.86
2_290998509,2,-0.17,NA,0.47,0.62,4,NA,0.75
2_292953014,2,0.03,NA,-0.17,0.01,2,NA,NA
2_302702628,2,0.19,NA,0.39,0.57,4,NA,0.68
2_303658948,2,0.14,NA,0.22,0.76,6,NA,0.31
2_305914201,2,0.11,NA,0.17,0.12,2,NA,0.75
2_307860280,2,0.61,NA,0.75,0.74,4,NA,0.76
2_319433172,2,0.19,NA,0.61,0.47,4,NA,0.78
2_320805322,2,0.78,NA,0.89,0.42,4,NA,0.95
2_323856783,2,0.03,NA,0.33,0.49,5,NA,0.88
2_328485968,2,-0.11,NA,0.14,0.47,3,NA,0.78
2_331448779,2,-0.22,NA,0,0.94,2,NA,0
2_337066657,2,-0.14,NA,0.03,0,1,NA,NA
2_344033800,2,0.14,NA,0.47,0.56,4,NA,1
2_344603030,2,0.08,NA,-0.03,0,1,NA,NA
2_347479845,2,0.61,NA,-0.14,0.85,5,NA,-0.18
2_350301937,2,0.58,NA,0.56,0,1,NA,NA
2_353533557,2,-0.06,NA,-0.19,0,1,NA,NA
2_354547274,2,0.83,NA,0.78,0.62,7,NA,1
2_355139417,2,0.42,NA,0.78,0.9,6,NA,0.81
2_360735852,2,0.86,NA,0.83,0.28,5,NA,0
2_363470281,2,-0.03,NA,0.25,0.18,4,NA,0.71
2_364261625,2,-0.03,NA,0.22,0.03,2,NA,1
2_368594012,2,0.36,NA,0.33,0.51,4,NA,1
2_370651236,2,0.56,NA,0.64,1,7,NA,0.64
2_373367461,2,-0.17,NA,0.06,0.01,2,NA,NA
2_386635382,2,0.06,NA,0.08,0,1,NA,NA
2_387783740,2,0.53,NA,0.72,0.33,3,NA,0.67
2_388421664,2,-0.14,NA,-0.14,0.1,3,NA,NA
2_389217149,2,0.03,NA,0.08,0.32,4,NA,0.83
2_392174335,2,0.56,NA,0.69,0.36,5,NA,1
2_395053396,2,0.89,NA,0.81,0.04,5,NA,0.5
2_401033296,2,0.67,NA,0.64,0.96,5,NA,0.67
2_413147342,2,0.03,NA,-0.19,0,1,NA,NA
2_424435398,2,-0.22,NA,-0.06,0.1,7,NA,0.1
2_426804087,2,0.14,NA,-0.06,0,1,NA,NA
2_431792373,2,0.83,NA,0.92,0.99,6,NA,0.91
2_433960753,2,0,NA,0.31,0.79,6,NA,0.33
2_446624219,2,0.33,NA,0.39,0.64,6,NA,0.78
2_463882110,2,0.08,NA,0.39,0.07,2,NA,1
2_464142070,2,0.19,NA,0.53,0.99,6,NA,0.52
2_469341127,2,0.03,NA,-0.06,0.76,6,NA,0.09
2_474334397,2,-0.39,NA,0.06,0.14,3,NA,0.33
2_477795391,2,0.86,NA,0.5,0.46,5,NA,0.82
2_487741973,2,0.83,NA,0.72,0.88,6,NA,0.74
2_491513110,2,-0.14,NA,-0.03,0,1,NA,NA
2_494116681,2,-0.08,NA,0.08,0,1,NA,NA
2_498350692,2,0.39,NA,0.44,0.39,4,NA,1
2_512852936,2,-0.03,NA,0.03,0.31,3,NA,0.89
2_513345010,2,0.03,NA,0.14,0,1,NA,NA
2_515307612,2,-0.31,NA,0.22,0.1,3,NA,1
2_524847251,2,0.31,NA,0.42,0.21,3,NA,1
2_525193025,2,0.06,NA,0.14,0.08,2,NA,1
2_568258466,2,0.64,NA,0.58,0.9,6,NA,0.67
2_589498455,2,-0.08,NA,0.75,0.99,7,NA,0.77
2_590008967,2,0.75,NA,0.72,0.5,6,NA,0.12
2_600769455,2,0.47,NA,0.78,0.1,2,NA,NA
2_601113332,2,-0.17,NA,0.17,0,1,NA,NA
2_601178662,2,0,NA,0,0.21,2,NA,0
2_603072255,2,0.42,NA,0.72,0.82,5,NA,0.9
2_608020386,2,0.81,NA,0.78,0.88,5,NA,0.76
2_608526962,2,0.03,NA,-0.19,0,1,NA,NA
2_626816346,2,-0.06,NA,0.03,0.06,2,NA,-0.33
2_627533922,2,-0.03,NA,0.14,0.43,4,NA,0.71
2_637784548,2,0,NA,-0.14,0,1,NA,NA
2_642571861,2,-0.17,NA,0.33,0.28,2,NA,1
2_644857832,2,0.33,NA,0.08,0.22,3,NA,1
2_648546876,2,0.03,NA,0.03,0.01,2,NA,NA
2_649949448,2,0.75,NA,0.78,0.25,4,NA,NA
2_651077529,2,-0.06,NA,-0.14,0.18,2,NA,0.57
2_654107985,2,0,NA,-0.08,0,2,NA,NA
2_662593661,2,-0.03,NA,-0.17,0,1,NA,NA
2_664958237,2,0.58,NA,0.64,0.9,6,NA,0.69
2_675958720,2,0,NA,0.19,0.36,4,NA,1
2_688527417,2,0.31,NA,0.19,0.15,3,NA,0.83
2_688557942,2,0.61,NA,0.36,0.29,3,NA,0.83
2_689198556,2,0.75,NA,0.61,0.74,6,NA,0.72
2_689281609,2,0.14,NA,0.28,0,1,NA,NA
2_691114029,2,0.5,NA,0.83,0.97,6,NA,0.86
2_694193812,2,0.58,NA,0.56,0.64,5,NA,0.96
2_698612986,2,-0.08,NA,0.08,0.14,3,NA,0.33
2_698994348,2,0,NA,-0.03,0.94,6,NA,0
2_704053711,2,0.03,NA,0.33,0.5,4,NA,0.77
2_708502976,2,0.58,NA,0.75,1,7,NA,0.75
2_709057711,2,-0.03,NA,-0.14,0.96,4,NA,-0.19
2_710030814,2,0.17,NA,0.14,0.15,2,NA,1
2_710850498,2,0.06,NA,0.42,0.32,2,NA,0.67
2_725161810,2,0.83,NA,0.14,0.81,5,NA,0.07
2_726957240,2,0.39,NA,0.5,0.49,3,NA,0.89
2_736176140,2,0.89,NA,0.92,1,7,NA,0.92
2_736272791,2,-0.08,NA,-0.03,0.26,4,NA,0.78
2_744186913,2,0.25,NA,-0.22,0,1,NA,NA
2_745230009,2,0.08,NA,0.28,0.39,3,NA,0.83
2_746338923,2,0,NA,0,0,1,NA,NA
2_752626183,2,-0.19,NA,0.56,0.4,4,NA,0.85
2_753948021,2,0.06,NA,0.03,0.39,3,NA,0.8
2_754556216,2,0.03,NA,0.17,0.32,4,NA,0.24
2_756267867,2,0,NA,0.03,0.51,5,NA,0.16
2_765338899,2,0.94,NA,0.92,0.03,2,NA,NA
2_773202440,2,0.72,NA,0.86,0.99,6,NA,0.89
2_778083163,2,-0.14,NA,0.03,0.22,3,NA,0
2_787311848,2,0.58,NA,0.58,0.61,5,NA,0.59
2_791742299,2,0.11,NA,0.28,0.1,2,NA,0
2_795100721,2,0.17,NA,0.42,0.71,5,NA,0.33
2_795481488,2,0.03,NA,-0.11,0.17,3,NA,0.44
2_795643111,2,0,NA,0.67,0.82,5,NA,0.63
2_809437455,2,0.36,NA,0.75,0.99,6,NA,0.77
2_822831156,2,0.08,NA,0.03,0.1,2,NA,1
2_824618497,2,0.56,NA,0.78,1,7,NA,0.78
2_840036172,2,0,NA,0.03,0.81,7,NA,-0.02
2_841910949,2,0.5,NA,0.56,0.64,5,NA,0.84
2_842029900,2,0.89,NA,0.86,0.1,3,NA,1
2_854556011,2,0.78,NA,0.86,0,2,NA,NA
2_859270916,2,0.25,NA,0.47,0.36,4,NA,0.75
2_859570573,2,0.28,NA,0.25,0.03,3,NA,NA
2_860183763,2,0.83,NA,0.86,0.94,6,NA,0.88
2_864076786,2,0.89,NA,0.81,0.76,6,NA,0.96
2_866046103,2,-0.14,NA,-0.03,0.12,3,NA,-0.35
2_866309533,2,-0.06,NA,0.22,0.07,2,NA,1
2_873505925,2,0,NA,-0.08,0.03,2,NA,-1
2_875576921,2,0.17,NA,0.42,0.28,2,NA,1
2_884698043,2,0.58,NA,0.56,1,2,NA,0.56
2_893359853,2,-0.03,NA,0,0,1,NA,NA
2_897769045,2,0.72,NA,0.33,0.32,3,NA,1
2_910044066,2,0.06,NA,0.11,0,2,NA,NA
2_912834396,2,0.25,NA,0.25,0.04,2,NA,NA
2_924175746,2,0.14,NA,0,0,1,NA,NA
2_925284293,2,-0.19,NA,0.39,0.99,4,NA,0.4
2_932810171,2,0,NA,0.17,0,1,NA,NA
2_934611708,2,0.72,NA,0.67,0.18,2,NA,1
2_948175176,2,0.53,NA,0.53,0.26,3,NA,0.6
2_952261778,2,0.17,NA,0.08,0.01,2,NA,NA
2_954933050,2,-0.17,NA,-0.03,0.08,2,NA,1
2_960339179,2,0,NA,0,0.01,2,NA,NA
2_963711838,2,0,NA,0.08,0.06,2,NA,0.5
2_979149277,2,-0.14,NA,-0.22,0.03,2,NA,NA
2_983004851,2,0.28,NA,0.03,0,1,NA,NA
2_984361772,2,0.67,NA,-0.03,0.93,6,NA,-0.01
3_14993216,3,NA,0.11,0.11,0.29,4,-0.03,0.12
3_23704276,3,NA,0.25,0.33,0.22,3,0.02,1
3_24223154,3,NA,0.14,0.14,0.15,3,0.01,0.83
3_36800426,3,NA,0.06,-0.03,0.26,3,-0.35,0.78
3_36971546,3,NA,0.42,0.31,0.43,4,-0.07,0.81
3_37441758,3,NA,0.97,0.81,0.96,7,0,0.83
3_50554708,3,NA,0.97,-0.11,0.03,2,-0.14,1
3_51723877,3,NA,-0.11,0,0.06,2,-0.08,1
3_59088105,3,NA,0.03,0.08,0.03,2,0.06,1
3_62735931,3,NA,-0.08,-0.03,0.04,2,-0.08,1
3_72372970,3,NA,0.94,0.31,0.24,4,0.11,1
3_77268698,3,NA,-0.08,0,0.11,3,-0.12,1
3_84443238,3,NA,0.03,0.22,0.07,3,0.17,1
3_110689726,3,NA,-0.06,0.44,0.58,5,0,0.76
3_128222221,3,NA,0.92,0.81,0.42,5,0.83,0.77
3_138894434,3,NA,0,0.25,0.36,3,-0.1,0.74
3_143278609,3,NA,0.97,0.81,0.89,6,0.25,0.88
3_164171230,3,NA,0.44,0.17,0.18,3,0.09,0.8
3_166921097,3,NA,0,0.06,0.04,2,0.02,1
3_171062326,3,NA,0.03,0.5,0.04,6,0.51,0.5
3_194566192,3,NA,-0.11,0.08,0.38,4,-0.38,0.74
3_199138224,3,NA,0.06,0.08,0.03,2,0.06,1
3_207177671,3,NA,0.5,0.17,0.78,5,-0.67,0.41
3_209267071,3,NA,-0.08,-0.06,0.07,2,-0.13,1
3_213834946,3,NA,-0.11,0.14,0.11,3,0.06,0.75
3_218358035,3,NA,0.06,0.47,0.39,6,0.23,0.86
3_229993324,3,NA,0.25,0.64,0.97,7,1,0.63
3_250482743,3,NA,0.78,0.58,0.58,5,0.47,0.67
3_267237454,3,NA,0.92,0.28,0.43,5,-0,0.69
3_268653392,3,NA,0.06,0.22,0.9,5,0.83,0.2
3_272453798,3,NA,0.03,0.06,0.12,3,-0.05,0.83
3_272741273,3,NA,0.89,0.08,0.71,6,0.21,0.26
3_304405156,3,NA,0.67,0.44,0.82,5,-0.21,0.59
3_318839397,3,NA,1,0.69,0.81,6,0.43,0.76
3_331134774,3,NA,0.19,0.14,0.03,2,0.11,1
3_343702216,3,NA,0.25,0.61,0.49,6,0.3,0.93
3_346753407,3,NA,0.5,0.33,0.33,3,-0.13,1
3_347524095,3,NA,0.33,0.31,0.29,3,0.04,0.89
3_357697364,3,NA,0.97,-0.08,0.38,4,-0.24,0.17
3_370860758,3,NA,0,0.11,0.08,2,0.06,1
3_370955787,3,NA,0.83,0.75,0.36,3,0.86,0.5
3_387510502,3,NA,0.08,0.11,0.74,5,0.01,0.09
3_388821475,3,NA,0.14,0.47,0.43,5,0.27,0.75
3_398176801,3,NA,0,0.19,0.14,3,0.13,0.58
3_408892577,3,NA,0.08,-0.03,0.06,2,-0.09,1
3_414118202,3,NA,-0.08,0.19,0.28,4,-0.11,1
3_416690637,3,NA,0.22,0.33,0.42,5,-0.03,0.75
3_426487590,3,NA,0.14,0.03,0.12,3,-0.14,1
3_434236063,3,NA,-0.11,0.11,0.18,3,0.01,0.68
3_456453443,3,NA,0.06,0.47,0.58,4,0.33,0.57
3_457179380,3,NA,0.75,0.42,0.04,4,0.41,0.5
3_471407358,3,NA,0.86,-0.36,0.93,6,0,-0.38
3_514348240,3,NA,0.06,-0.11,0.1,2,-0.24,1
3_526087134,3,NA,0.33,0.78,0.58,5,0.49,1
3_526660660,3,NA,0.19,0.5,0.71,5,-0.22,0.82
3_537270509,3,NA,0.94,0.67,0.58,6,0.24,1
3_541321140,3,NA,0.08,0.67,0.85,6,0.13,0.77
3_546139743,3,NA,0.14,0.25,0.19,3,0.06,1
3_557894060,3,NA,0.08,0.39,0.43,4,-0.04,1
3_562792162,3,NA,0.14,0.11,0.26,4,-0.24,1
3_603084869,3,NA,0.83,0.75,0.19,2,0.79,0.57
3_606371456,3,NA,0.28,0.39,0.65,6,0.35,0.4
3_609457621,3,NA,0.42,0.42,0.88,4,-0.15,0.49
3_612719567,3,NA,0.97,0.72,0.97,7,-1,0.77
3_615497073,3,NA,0.17,0.17,0.25,3,0.25,0
3_618596428,3,NA,0.36,0.14,0.12,2,0.02,1
3_618802996,3,NA,0.22,0.42,0.38,5,0.08,1
3_621421821,3,NA,0.44,0.39,0.25,5,0.12,0.68
3_625842193,3,NA,0.58,0.44,0.21,5,0.3,1
3_639605524,3,NA,0.19,0.11,0.36,3,-0.32,0.94
3_648001718,3,NA,0.92,0.86,0.81,6,0.15,0.97
3_650286878,3,NA,0.22,0.33,0.29,4,0.01,1
3_658590855,3,NA,0.47,0.33,0.32,4,-0.02,1
3_670462809,3,NA,0.36,0.25,0.44,4,-0.35,1
3_675918708,3,NA,-0.11,0.25,0.35,3,-0.2,0.89
3_694856579,3,NA,0,0.25,0.28,3,0,0.71
3_694987987,3,NA,-0.75,0.31,0.62,4,0.28,0.32
3_700535080,3,NA,0.11,0.25,0.51,5,-0.27,0.76
3_702156408,3,NA,-1,0.92,0.88,6,0.6,0.97
3_741795876,3,NA,0.75,0.42,0.43,5,0.1,0.79
3_770878703,3,NA,-0.03,0.14,0.11,2,0.04,1
3_775087065,3,NA,1,0.81,0.26,4,0.72,1
3_790617792,3,NA,0.94,0.83,0.18,6,0.79,1
3_793073645,3,NA,0.14,0.17,0.32,3,-0.2,0.93
3_803549838,3,NA,0.81,0.64,0.94,7,0,0.7
3_806037224,3,NA,0.67,0.56,0.78,6,0.08,0.71
3_814418286,3,NA,0.83,0.67,0.82,5,0.55,0.69
3_833954947,3,NA,0.28,-0.03,0.32,5,-0.49,1
3_834227260,3,NA,0.92,0.28,0.17,3,0.15,0.8
3_838309898,3,NA,0.25,0.14,0.15,3,-0.05,1
3_842278169,3,NA,-0.08,0.22,0.39,4,-0.28,1
3_845815607,3,NA,0.17,0.31,0.21,3,0.2,0.75
3_855587217,3,NA,-0.08,0.11,0.19,2,-0.04,0.89
3_855918927,3,NA,0.22,0.03,0.08,2,-0.03,0.67
3_861245923,3,NA,0.03,0.22,0.28,4,0.01,0.85
3_880653715,3,NA,-0.17,0.11,0.24,3,-0.06,0.76
3_901737082,3,NA,0.03,0.61,0.72,6,0.25,0.74
3_901997576,3,NA,0.22,0.08,0.19,4,-0.1,0.86
3_907215497,3,NA,0.92,0.53,0.92,7,-0.25,0.62
3_908843444,3,NA,0,0.19,0.11,2,0.09,1
3_926764296,3,NA,-0.03,0.11,0.07,2,0.05,1
3_932465236,3,NA,0.08,0.33,0.49,3,-0.25,0.88
3_934806219,3,NA,1,0.47,0.51,5,0.17,0.89
3_942233025,3,NA,0.28,0.42,0.39,4,0.36,0.46
3_946443588,3,NA,0.83,0.67,0.9,6,1,0.64
3_953519607,3,NA,0.06,-0.03,0.22,3,-0.13,0.38
3_969236051,3,NA,0.94,0.58,0.85,7,-0.04,0.64
4_518965,4,NA,NA,0,0.17,NA,-0.1,0.57
4_1470182,4,NA,NA,0.14,0,NA,0.14,NA
4_2571515,4,NA,NA,0.28,0,NA,0.28,NA
4_11441115,4,NA,NA,0.75,0.93,NA,0,0.77
4_12844131,4,NA,NA,-0.17,0,NA,-0.17,NA
4_19446760,4,NA,NA,0,0,NA,0,NA
4_20886049,4,NA,NA,0.08,0.01,NA,0.06,NA
4_27409009,4,NA,NA,-0.19,0,NA,-0.19,NA
4_27456834,4,NA,NA,0.06,0.06,NA,0.03,0.5
4_36711105,4,NA,NA,0.22,0,NA,0.22,NA
4_38065277,4,NA,NA,0,0.97,NA,NA,-0.01
4_39398776,4,NA,NA,0.56,0,NA,0.56,NA
4_44704565,4,NA,NA,-0.03,0.99,NA,NA,-0.02
4_48667600,4,NA,NA,-0.08,1,NA,NA,-0.08
4_55231197,4,NA,NA,0.58,0.57,NA,-0.16,1
4_57742112,4,NA,NA,-0.17,0.61,NA,-0.05,-0.25
4_57801962,4,NA,NA,0.14,0.03,NA,0.11,1
4_58567075,4,NA,NA,0.06,0,NA,0.06,NA
4_61026600,4,NA,NA,0.31,0.14,NA,0.07,1
4_64516932,4,NA,NA,0.39,0.99,NA,NA,0.4
4_66207128,4,NA,NA,0.69,0.67,NA,-0.03,0.89
4_68476092,4,NA,NA,0.53,0.89,NA,-0.07,0.6
4_71968352,4,NA,NA,0,0,NA,0,NA
4_84123013,4,NA,NA,0.83,0.39,NA,0.73,1
4_84752084,4,NA,NA,0.64,0.85,NA,-0.42,0.83
4_87906137,4,NA,NA,-0.06,0,NA,-0.06,NA
4_104348820,4,NA,NA,0.31,0.35,NA,0.19,0.51
4_106439191,4,NA,NA,-0.08,0.04,NA,-0.13,NA
4_111322780,4,NA,NA,0.03,0.07,NA,-0.06,1
4_112920454,4,NA,NA,0.06,0,NA,0.06,NA
4_115209706,4,NA,NA,-0.17,0.01,NA,-0.18,NA
4_123168415,4,NA,NA,0.94,1,NA,NA,0.94
4_123750149,4,NA,NA,0.06,0.11,NA,-0.02,NA
4_124648870,4,NA,NA,-0.28,0.01,NA,-0.3,NA
4_127422324,4,NA,NA,-0.03,0,NA,-0.03,NA
4_135018023,4,NA,NA,0.61,1,NA,NA,0.61
4_146903677,4,NA,NA,0.64,0,NA,0.64,NA
4_160194908,4,NA,NA,0.72,1,NA,NA,0.72
4_167200951,4,NA,NA,0.69,1,NA,NA,0.69
4_173572528,4,NA,NA,0.19,0.03,NA,0.2,0
4_174773181,4,NA,NA,0.33,0.97,NA,NA,0.34
4_182244905,4,NA,NA,0.03,0.03,NA,-0.01,NA
4_189117514,4,NA,NA,0.08,0,NA,0.08,NA
4_189201940,4,NA,NA,-0.06,0.01,NA,-0.07,NA
4_200731487,4,NA,NA,-0.19,0.04,NA,-0.25,1
4_202280389,4,NA,NA,0.03,0,NA,0.03,NA
4_202833004,4,NA,NA,-0.06,0,NA,-0.06,NA
4_211391325,4,NA,NA,0.83,0.86,NA,0.33,1
4_213703054,4,NA,NA,-0.17,0,NA,-0.17,NA
4_216923730,4,NA,NA,0.03,0.9,NA,-0.5,0.09
4_221411376,4,NA,NA,-0.17,0.01,NA,-0.19,NA
4_222407816,4,NA,NA,0.17,0.08,NA,0.15,0.33
4_224206107,4,NA,NA,0.92,0.71,NA,0.69,1
4_225367765,4,NA,NA,0.39,0.32,NA,0.2,0.14
4_234778349,4,NA,NA,0.14,0.07,NA,0.07,1
4_235719729,4,NA,NA,0.03,0,NA,0.03,NA
4_247371384,4,NA,NA,0,0.18,NA,-0.18,0.64
4_250345166,4,NA,NA,0.03,0.03,NA,-0.01,NA
4_259416466,4,NA,NA,0.28,0.26,NA,0.15,0.6
4_261484005,4,NA,NA,0.33,0.44,NA,-0.08,0.87
4_262492060,4,NA,NA,0.64,0.76,NA,-0.1,0.85
4_266294809,4,NA,NA,0.03,0.11,NA,-0.14,1
4_269210633,4,NA,NA,0.75,0.07,NA,0.74,NA
4_270026338,4,NA,NA,0.64,1,NA,NA,0.64
4_270612844,4,NA,NA,0.31,0.38,NA,-0.02,0.86
4_277709542,4,NA,NA,0.89,0.06,NA,0.88,1
4_285007326,4,NA,NA,0.31,0.12,NA,0.07,NA
4_290861396,4,NA,NA,0.42,0.36,NA,0.09,1
4_293737842,4,NA,NA,0.61,0.32,NA,0.43,1
4_295215708,4,NA,NA,0.42,0.11,NA,0.36,0.86
4_295994828,4,NA,NA,0,0,NA,0,NA
4_297978615,4,NA,NA,0.19,0,NA,0.19,NA
4_302619196,4,NA,NA,0,0.04,NA,-0.08,NA
4_309129355,4,NA,NA,0.78,0.93,NA,-0.5,0.88
4_313716435,4,NA,NA,0.42,0.57,NA,0.8,0.15
4_318679059,4,NA,NA,0.17,0,NA,0.17,NA
4_319942253,4,NA,NA,0.17,0.12,NA,0.05,1
4_323705666,4,NA,NA,-0.17,0.08,NA,-0.21,0.33
4_324693797,4,NA,NA,-0.19,0,NA,-0.19,NA
4_336044289,4,NA,NA,0.72,1,NA,NA,0.72
4_338213294,4,NA,NA,0.11,0.03,NA,0.09,NA
4_352988338,4,NA,NA,0.22,0.14,NA,0.09,1
4_361805861,4,NA,NA,0.19,0.39,NA,-0.05,0.57
4_362224917,4,NA,NA,0.06,0.18,NA,-0.11,0.88
4_364029556,4,NA,NA,0.06,0,NA,0.06,NA
4_366051534,4,NA,NA,0.61,0.71,NA,-0.4,0.9
4_368391615,4,NA,NA,0.06,0,NA,0.06,NA
4_373066428,4,NA,NA,0,0.26,NA,-0.09,0.53
4_373420818,4,NA,NA,0.03,0.08,NA,-0.03,0.67
4_374851831,4,NA,NA,0.64,1,NA,NA,0.64
4_376203370,4,NA,NA,0.44,0.42,NA,0.14,0.87
4_382040549,4,NA,NA,0,0,NA,0,NA
4_387613597,4,NA,NA,0.11,0,NA,0.11,NA
4_388717284,4,NA,NA,0.86,1,NA,NA,0.86
4_388899760,4,NA,NA,-0.11,0,NA,-0.11,NA
4_391076134,4,NA,NA,0.39,0.12,NA,0.32,1
4_401924849,4,NA,NA,0.33,0.61,NA,-0.57,0.88
4_413541867,4,NA,NA,0.03,0.08,NA,-0.06,1
4_422597787,4,NA,NA,-0.14,0.15,NA,-0.28,0.86
4_428696104,4,NA,NA,0.11,0.08,NA,0.03,1
4_429670563,4,NA,NA,0.14,0.15,NA,0.04,0.63
4_432260325,4,NA,NA,0,0,NA,0,NA
4_435991174,4,NA,NA,0.94,0.99,NA,NA,0.97
4_443153134,4,NA,NA,0.61,0.19,NA,0.61,0.5
4_447347208,4,NA,NA,0,0,NA,0,NA
4_448076782,4,NA,NA,0.53,0.07,NA,0.49,1
4_450678103,4,NA,NA,0.25,1,NA,NA,0.25
4_454051982,4,NA,NA,1,0.99,NA,NA,1
4_454642253,4,NA,NA,0.19,0.21,NA,-0.02,1
4_460762924,4,NA,NA,0.19,0.01,NA,0.18,NA
4_464439543,4,NA,NA,0.19,0.35,NA,-0.21,0.93
4_466283845,4,NA,NA,-0.06,0.25,NA,-0.29,0.64
4_469316046,4,NA,NA,0.92,0.96,NA,-1,1
4_470773296,4,NA,NA,0.89,0.69,NA,0.55,1
4_472998122,4,NA,NA,0.25,0,NA,0.25,NA
4_473311049,4,NA,NA,0.83,0.85,NA,0.33,0.93
4_473763569,4,NA,NA,0.19,0.08,NA,0.18,0.5
4_475546711,4,NA,NA,0.08,0.94,NA,-0.5,0.12
4_481863384,4,NA,NA,0.92,0.99,NA,NA,0.92
4_484334206,4,NA,NA,0.36,0.38,NA,0.33,0.38
4_486159796,4,NA,NA,0.17,0.43,NA,-0.36,0.92
4_493442358,4,NA,NA,0.08,0.26,NA,0.05,0.12
4_495671078,4,NA,NA,-0.14,0.06,NA,-0.23,NA
4_497458263,4,NA,NA,-0.08,0,NA,-0.08,NA
4_503719655,4,NA,NA,0.19,0,NA,0.19,NA
4_511305539,4,NA,NA,-0.08,0,NA,-0.08,NA
4_518621831,4,NA,NA,0.44,0.12,NA,0.4,0.75
4_522693926,4,NA,NA,0.83,1,NA,NA,0.83
4_522859665,4,NA,NA,0.67,1,NA,NA,0.67
4_527935779,4,NA,NA,0.67,0.64,NA,0.15,0.96
4_532340149,4,NA,NA,0.25,0.03,NA,0.23,1
4_537794402,4,NA,NA,0.14,0.14,NA,0,-0.11
4_538071791,4,NA,NA,0.11,0.08,NA,0.03,1
4_538995601,4,NA,NA,0.08,0,NA,0.08,NA
4_542557941,4,NA,NA,-0.08,0,NA,-0.08,NA
4_546686226,4,NA,NA,0.19,0.1,NA,0.13,0.75
4_552537347,4,NA,NA,0.11,0,NA,0.11,NA
4_562784706,4,NA,NA,-0.06,0.01,NA,-0.07,NA
4_563686524,4,NA,NA,0.28,0.03,NA,0.26,1
4_564616694,4,NA,NA,0.03,0.92,NA,0,0.03
4_568558267,4,NA,NA,0.78,0.93,NA,-0.75,0.89
4_572183112,4,NA,NA,-0.03,0,NA,-0.03,NA
4_585363575,4,NA,NA,0.11,0,NA,0.11,NA
4_588773360,4,NA,NA,0.17,0.22,NA,0.1,0.27
4_590792396,4,NA,NA,0.08,0,NA,0.08,NA
4_601538785,4,NA,NA,-0.06,0.04,NA,-0.1,NA
4_608536026,4,NA,NA,0,0,NA,0,NA
4_617419821,4,NA,NA,0.64,0.53,NA,0.21,0.94
4_619766994,4,NA,NA,0.36,0.32,NA,0.11,1
4_640812335,4,NA,NA,0.22,0.01,NA,0.21,NA
4_642742190,4,NA,NA,0.53,0.83,NA,0.75,0.44
4_649148901,4,NA,NA,0,0,NA,0,NA
4_651809349,4,NA,NA,0.97,1,NA,NA,0.97
4_662792716,4,NA,NA,0.08,0,NA,0.08,NA
4_663898196,4,NA,NA,0.56,0.1,NA,0.5,1
4_681459573,4,NA,NA,0.78,0.69,NA,0.44,0.88
4_699585665,4,NA,NA,0.64,0.31,NA,0.37,1
4_704596294,4,NA,NA,-0.14,0.65,NA,-0.14,-0.15
4_705533846,4,NA,NA,0.03,0.07,NA,0.02,0.5
4_714006972,4,NA,NA,0.03,0.12,NA,-0.07,0.5
4_719942589,4,NA,NA,0.81,0.99,NA,NA,0.83
4_733556163,4,NA,NA,0.11,0.07,NA,0.07,0.5
4_735354817,4,NA,NA,0.17,0.15,NA,0.21,-0.18
4_739487200,4,NA,NA,-0.06,0.12,NA,-0.14,1
4_740800982,4,NA,NA,0.19,0.17,NA,0.07,0
4_747476034,4,NA,NA,0.31,0.35,NA,-0.06,1
4_754206392,4,NA,NA,0.31,0.42,NA,-0.12,0.92
4_757389099,4,NA,NA,0.06,0.03,NA,0.03,1
4_764497494,4,NA,NA,-0.11,0,NA,-0.11,NA
4_766915573,4,NA,NA,0.06,0.07,NA,-0.01,1
4_769193797,4,NA,NA,0.03,0.07,NA,-0.07,1
4_773287545,4,NA,NA,0.03,0,NA,0.03,NA
4_774586818,4,NA,NA,0.69,0,NA,0.69,NA
4_781740051,4,NA,NA,0.17,0,NA,0.17,NA
4_787119381,4,NA,NA,-0.03,0,NA,-0.03,NA
4_787243510,4,NA,NA,0.42,0.01,NA,0.43,NA
4_796181107,4,NA,NA,0.14,0,NA,0.14,NA
4_798531147,4,NA,NA,0.58,0.12,NA,0.52,1
4_805394460,4,NA,NA,0.11,0.97,NA,NA,0.09
4_806497583,4,NA,NA,0.92,0,NA,0.92,NA
4_807472305,4,NA,NA,0.08,0.01,NA,0.07,NA
4_810953844,4,NA,NA,-0.03,0.1,NA,-0.11,0.67
4_815051225,4,NA,NA,-0.14,0.08,NA,-0.2,0.75
4_816837326,4,NA,NA,0.11,0,NA,0.11,NA
4_819729254,4,NA,NA,0.89,0,NA,0.89,NA
4_825669265,4,NA,NA,0.31,1,NA,NA,0.31
4_830596810,4,NA,NA,0.42,0,NA,0.42,NA
4_840944689,4,NA,NA,0.78,1,NA,NA,0.78
4_843794323,4,NA,NA,0.11,0.35,NA,-0.35,1
4_844835202,4,NA,NA,0.33,0.29,NA,0.08,1
4_844835660,4,NA,NA,0.03,0,NA,0.03,NA
4_850346999,4,NA,NA,0.78,0.79,NA,0.21,0.93
4_852740093,4,NA,NA,-0.03,0.11,NA,-0.16,1
4_855136432,4,NA,NA,0.11,0.06,NA,0.05,NA
4_857747596,4,NA,NA,-0.03,0,NA,-0.03,NA
4_858515813,4,NA,NA,0.28,0.29,NA,-0.05,1
4_860827723,4,NA,NA,0.06,0,NA,0.06,NA
4_862395786,4,NA,NA,0.61,0.12,NA,0.55,0.5
4_865896248,4,NA,NA,0.56,0.19,NA,0.5,0.78
4_873396017,4,NA,NA,0.03,0,NA,0.03,NA
4_880487010,4,NA,NA,1,0.25,NA,1,1
4_890019872,4,NA,NA,-0.17,0,NA,-0.17,NA
4_894216751,4,NA,NA,0.5,1,NA,NA,0.5
4_896525387,4,NA,NA,0.08,0.06,NA,0.05,0.67
4_905721027,4,NA,NA,0.47,0.43,NA,0.32,0.45
4_911020428,4,NA,NA,0,0,NA,0,NA
4_915512731,4,NA,NA,0.75,0,NA,0.75,NA
4_921355337,4,NA,NA,0.97,0.97,NA,NA,0.97
4_930058795,4,NA,NA,0.31,0.03,NA,0.29,1
4_948338657,4,NA,NA,0.03,0,NA,0.03,NA
4_955409388,4,NA,NA,-0.03,0.21,NA,-0.22,0.7
4_955596441,4,NA,NA,-0.08,0.04,NA,-0.13,1
4_964904693,4,NA,NA,-0.03,0,NA,-0.03,NA
4_975443134,4,NA,NA,-0.08,0.08,NA,-0.18,1
4_980623265,4,NA,NA,0.53,0.43,NA,0.05,1
4_981379283,4,NA,NA,0.06,0.01,NA,0.05,NA
4_990708992,4,NA,NA,0.83,0.82,NA,0.71,0.86
4_993168739,4,NA,NA,0,0.25,NA,-0.22,1
4_993255517,4,NA,NA,0.81,0.74,NA,0.33,0.96
4_999377362,4,NA,NA,0.03,0.17,NA,0,0.78
5_5244407,5,0.7,NA,0.8,0.67,5,0.8,0.79
5_5951467,5,0.37,NA,0.3,0.53,6,-0.02,0.54
5_13788805,5,0.07,NA,0.07,0.08,2,0.07,0.33
5_14264635,5,0.3,NA,0.5,0.45,5,0.26,0.77
5_14728127,5,-0.13,NA,0.2,0.02,2,0.17,NA
5_14778563,5,-0.13,NA,0.03,0.07,2,-0.05,1
5_15397527,5,0.53,NA,0.57,0.77,6,0.5,0.58
5_20982844,5,0.63,NA,0.1,0.13,2,-0.01,1
5_21378310,5,0.57,NA,0.6,0,2,0.6,NA
5_21890092,5,-0.2,NA,0.23,0.12,2,0.13,1
5_22764964,5,-0.27,NA,0.03,0.05,2,-0.01,1
5_26976226,5,0.33,NA,0.6,0.92,6,0,0.62
5_28516307,5,0.1,NA,0.9,0.88,6,0.5,0.92
5_28751330,5,0.73,NA,0.8,0.48,5,0.8,0.79
5_35152324,5,0.13,NA,0.4,0.63,3,0.04,0.42
5_35944137,5,0.87,NA,0.73,0.87,6,-0.17,0.8
5_39270211,5,0.8,NA,0.4,0.82,3,0,0.44
5_41889064,5,0.97,NA,0.93,0,4,0.93,NA
5_42944478,5,0.73,NA,0.8,0.4,4,0.89,0.73
5_44041616,5,0.17,NA,0.17,0,1,0.17,NA
5_46229633,5,0,NA,0.03,0.1,2,-0.06,0.75
5_50018756,5,0.73,NA,0.03,0.08,2,0.05,NA
5_51351075,5,0.23,NA,0.1,0.05,2,0.05,1
5_52924881,5,-0.03,NA,0.63,0.83,6,-0.2,0.8
5_53126276,5,0.67,NA,0.93,0.48,6,0.95,0.91
5_55212494,5,-0.03,NA,0.07,0.07,2,0,1
5_59625716,5,-0.1,NA,0.23,0.28,4,0.12,0.53
5_59674939,5,0,NA,0,0,1,0,NA
5_61259196,5,0.47,NA,0.43,0.48,4,-0.1,0.85
5_61801502,5,0.57,NA,0.73,0.87,7,0.5,0.77
5_62542558,5,0.03,NA,0.17,0.3,3,-0.09,0.25
5_63335408,5,0.83,NA,0.33,0.25,4,0.11,1
5_65768348,5,0,NA,0,0,1,0,NA
5_65902677,5,0.13,NA,-0.2,0.22,3,-0.08,-0.6
5_67840148,5,0,NA,0,0.02,1,0,NA
5_68090154,5,0.57,NA,0.37,0.05,2,0.34,NA
5_68993172,5,0.1,NA,0.1,0.1,2,0,1
5_76153849,5,0.7,NA,0.73,0.12,4,0.73,0.75
5_78011892,5,0,NA,0.13,0.35,4,-0.17,0.43
5_79039533,5,-0.07,NA,0.67,0.97,6,-1,0.72
5_80083886,5,0.83,NA,0.9,0.93,6,0.5,0.93
5_81381063,5,0.8,NA,0.13,0.55,2,0.12,0.15
5_84530807,5,0.03,NA,0.07,0.98,3,NA,0.06
5_88137704,5,0.63,NA,0.5,0.98,6,NA,0.52
5_88827637,5,0.03,NA,-0.03,0.03,2,-0.03,NA
5_91440333,5,0.23,NA,0.2,0.07,2,0.17,NA
5_91454182,5,0.4,NA,0.53,0.57,6,0.25,0.69
5_101239836,5,0.17,NA,0.23,0.12,3,0.12,1
5_101590179,5,0.87,NA,0.73,0,1,0.73,NA
5_107619858,5,-0.03,NA,0.13,0.35,3,-0.24,0.78
5_115650521,5,-0.1,NA,0.13,0,1,0.13,NA
5_118919930,5,0,NA,0.2,0.42,4,-0.24,0.85
5_121240443,5,0.47,NA,0.17,0.05,5,0.11,1
5_133777865,5,0.7,NA,0.17,0.22,3,0.03,0.55
5_134459794,5,0.03,NA,0.1,0,1,0.1,NA
5_136995162,5,0.73,NA,0.03,0.2,3,-0.21,1
5_144535166,5,-0.13,NA,0.03,0.02,2,0.05,NA
5_145645844,5,0.07,NA,0.03,0.18,4,-0.12,0.75
5_149002102,5,-0.03,NA,0,0,1,0,NA
5_150007497,5,0,NA,0.17,0.05,2,0.12,1
5_151559558,5,0.37,NA,0.47,0.52,5,0.07,0.8
5_153154931,5,0.73,NA,0.83,0.02,2,0.83,NA
5_156713829,5,-0.07,NA,0.17,0.03,2,0.13,NA
5_157903390,5,0,NA,0,0,1,0,NA
5_161180637,5,0.73,NA,0.07,0.23,4,0.02,0.05
5_168180141,5,0.03,NA,0.03,0.12,2,-0.06,0.5
5_169689902,5,0.87,NA,0.7,0.47,6,0.5,0.93
5_170237285,5,0.13,NA,0.13,0.05,2,0.09,1
5_171053919,5,0,NA,0,0,1,0,NA
5_173604659,5,0.1,NA,0.5,0.38,5,0.28,0.86
5_178900360,5,0.17,NA,0.47,0.18,3,0.36,1
5_179050802,5,0.07,NA,-0.1,0,1,-0.1,NA
5_179832241,5,0,NA,0,0.2,3,0,NA
5_181865586,5,0.63,NA,0.77,0.37,3,0.77,0.54
5_185143784,5,0.17,NA,-0.13,0,1,-0.13,NA
5_187304078,5,0,NA,0.4,0.45,2,0.23,0.63
5_190080177,5,0,NA,0.07,0.05,2,0,1
5_193363352,5,0.1,NA,0.1,0.07,2,0.04,NA
5_198618418,5,0.33,NA,0.23,0.13,2,0.13,1
5_202158371,5,0.83,NA,0.83,0.93,4,1,0.83
5_202902210,5,0.13,NA,0.23,0.27,4,0,0.88
5_203399137,5,0.67,NA,0.33,0.13,6,0.21,1
5_205571831,5,0,NA,0,0,1,0,NA
5_206333542,5,0.37,NA,-0.1,0.42,5,-0.32,0.19
5_211933365,5,0.3,NA,0.33,0.52,4,0.27,0.47
5_213984031,5,0.47,NA,0.33,0.63,5,0.4,0.32
5_214091782,5,0.77,NA,0.57,0.18,4,0.58,0.42
5_221319752,5,-0.23,NA,0.1,0,1,0.1,NA
5_223125515,5,0.1,NA,0.1,0.03,2,0.05,NA
5_229354629,5,-0.1,NA,0.03,0.03,2,0.02,NA
5_229679013,5,0.73,NA,0.43,0.48,4,-0.06,0.88
5_235220356,5,0.5,NA,0.3,0.42,5,0.02,0.54
5_240483984,5,0.7,NA,0.7,1,6,NA,0.7
5_240806961,5,0.4,NA,0.1,0.75,4,0.2,0.06
5_242901184,5,0.77,NA,0.57,0.97,6,1,0.55
5_244458478,5,0.5,NA,0.53,0.97,5,0,0.55
5_244489507,5,0,NA,0.2,0.18,2,0.17,0
5_254304666,5,0.4,NA,0.33,0.57,6,0.05,1
5_256370170,5,0.1,NA,0.23,0.47,4,-0.31,0.86
5_263543853,5,-0.2,NA,0,0.32,3,-0.33,0.67
5_263862381,5,-0.1,NA,0.2,0.32,3,0.04,0.8
5_266416097,5,0,NA,0,0,1,0,NA
5_268732042,5,0.03,NA,-0.03,0.02,1,-0.01,NA
5_270259321,5,0.13,NA,0.07,0.13,3,0.04,0.27
5_272574749,5,0.53,NA,0,0.17,3,-0.2,1
5_273783824,5,0.03,NA,0.37,0.65,5,-0.01,0.52
5_276330115,5,0.73,NA,0.83,0.05,2,0.82,NA
5_276646504,5,0.6,NA,0.73,0.58,5,0.88,0.64
5_284084985,5,0.73,NA,0.17,0.07,2,0.09,1
5_299435067,5,0,NA,0,0,1,0,NA
5_302720478,5,0.13,NA,0.3,0.52,3,-0.17,0.74
5_303100394,5,0,NA,0,0,1,0,NA
5_304929990,5,0.17,NA,0.33,0.32,3,0.02,0.91
5_312029553,5,-0.27,NA,-0.6,0.67,6,-0.38,-0.67
5_321184028,5,0,NA,0,0,1,0,NA
5_324574186,5,0.1,NA,0.33,0.62,4,-0.35,0.69
5_327781808,5,0.6,NA,0.27,0.5,5,-0.17,0.66
5_328096299,5,0.93,NA,0.87,1,7,NA,0.87
5_328544281,5,0.8,NA,0.9,0.98,7,NA,0.93
5_331844090,5,0.03,NA,0.2,0,1,0.2,NA
5_335342488,5,0,NA,0.03,0.03,2,0,1
5_336164387,5,0,NA,0,0,1,0,NA
5_336456457,5,-0.07,NA,0.13,0.07,2,0.12,NA
5_343371048,5,0.47,NA,0.17,0.87,4,0.33,0.13
5_347375007,5,-0.23,NA,0,0,1,0,NA
5_350698819,5,-0.07,NA,0.07,0.35,3,-0.02,0.22
5_351047144,5,0.17,NA,0.43,0.22,4,0.34,0.8
5_352333029,5,0.03,NA,-0.07,0,1,-0.07,NA
5_354072186,5,0.83,NA,0.8,0.73,5,0.5,0.74
5_355994924,5,0.7,NA,0.77,0.25,4,0.86,0.5
5_362590961,5,0.73,NA,0.6,0.1,3,0.51,NA
5_363039574,5,0.2,NA,-0.1,0.28,3,-0.4,0.67
5_365327585,5,0.23,NA,0.1,0.08,3,0.02,1
5_372079030,5,0,NA,0,0,1,0,NA
5_375637928,5,0.13,NA,0.03,0.12,2,-0.06,0.75
5_379969016,5,0,NA,0,0,1,0,NA
5_383794676,5,0.2,NA,0.53,0.67,5,0.12,0.7
5_386743179,5,-0.07,NA,0.1,0.02,2,0.09,NA
5_389457417,5,0.07,NA,0.2,0.37,3,0.04,0.59
5_391771971,5,0.63,NA,0.17,0.05,2,0.17,0
5_392074517,5,0,NA,-0.07,0.07,2,-0.04,-0.5
5_402720245,5,0,NA,0,0.22,4,-0.1,0.67
5_405682077,5,0,NA,0.07,0.02,2,0.06,NA
5_405820804,5,0.53,NA,0.43,0.03,6,0.4,NA
5_409579681,5,0.63,NA,0.8,0.98,5,NA,0.83
5_410769485,5,0.1,NA,0,0.17,3,-0.16,0.8
5_412274892,5,0.67,NA,0.67,0.87,4,0.67,0.66
5_414168999,5,0.53,NA,0.8,1,6,NA,0.8
5_419194294,5,0,NA,0.13,0.87,7,-0.13,0.2
5_421808539,5,0.8,NA,0.97,0.15,3,1,0.86
5_431389013,5,-0.57,NA,-0.63,0.92,5,-0.67,-0.64
5_438458371,5,0,NA,0,0,1,0,NA
5_444841700,5,-0.03,NA,-0.1,0,1,-0.1,NA
5_445559065,5,0,NA,0.27,0.25,5,0.07,1
5_445981678,5,0.2,NA,0.4,0.8,7,-0.25,0.51
5_449282783,5,-0.63,NA,0.8,0.97,7,NA,0.79
5_451795364,5,0.33,NA,0.13,0.15,4,-0.08,1
5_456211157,5,0.13,NA,0.37,0.18,4,0.24,1
5_465192354,5,0.1,NA,0.27,0.32,5,-0.06,1
5_465246862,5,0,NA,0,0,1,0,NA
5_470587717,5,0.1,NA,-0.03,0,1,-0.03,NA
5_472200928,5,-0.03,NA,0.7,0.82,6,0,0.88
5_473097294,5,0.23,NA,0.27,0.25,3,0.08,0.86
5_474005291,5,-0.07,NA,-0.13,0.08,2,-0.19,0.5
5_478250718,5,0.7,NA,0.43,0.38,4,0.15,0.86
5_479317863,5,0.23,NA,0,0.02,2,0,NA
5_480638985,5,0.27,NA,0.63,0.33,5,0.54,0.8
5_482502282,5,0.57,NA,0.57,0.67,5,0.51,0.61
5_484534075,5,0.17,NA,0.23,0.35,3,-0.13,0.9
5_486257201,5,0.1,NA,0.03,0.07,2,0.06,NA
5_489767949,5,0,NA,0.07,0.23,3,-0.12,0.75
5_491919221,5,0.7,NA,0.6,0,1,0.6,NA
5_497780199,5,-0.03,NA,-0.1,0.07,5,-0.08,NA
5_498867305,5,0.23,NA,0.47,0.95,4,-0.5,0.51
5_503333808,5,0.87,NA,0.9,0.07,2,0.93,0.67
5_503351129,5,-0.63,NA,0.2,0.25,2,0.02,0.72
5_504257496,5,-0.17,NA,0.27,0.62,4,-0.01,0.41
5_505162654,5,0,NA,0,0,1,0,NA
5_506054133,5,-0.03,NA,-0.13,0,2,-0.13,NA
5_512550463,5,0.1,NA,0.1,0.02,2,0.09,NA
5_512611727,5,0.7,NA,0.23,0.47,3,0.23,0.03
5_527301308,5,0.83,NA,0.9,0.98,6,NA,0.93
5_527618037,5,0.1,NA,0.2,0.1,2,0.21,0.25
5_527767466,5,0,NA,0,0,1,0,NA
5_529534103,5,0.03,NA,0,0,1,0,NA
5_530705107,5,0.07,NA,0.13,0.2,2,0.1,0.25
5_531437207,5,0.8,NA,0.73,0.95,5,1,0.72
5_539439858,5,0.33,NA,0.2,0.18,3,0,1
5_540633250,5,0,NA,0.5,0.52,2,0.08,0.82
5_542372835,5,0.43,NA,0.57,0.27,4,0.6,0.53
5_542530557,5,0.07,NA,0.2,0.03,2,0.17,NA
5_544587117,5,0.07,NA,-0.07,0.08,2,-0.04,NA
5_550698544,5,0.6,NA,0.9,0.87,5,0.75,0.92
5_551032787,5,0.7,NA,0.7,0.78,4,0.55,0.75
5_554294865,5,0,NA,0,0,1,0,NA
5_558953516,5,0.63,NA,0.9,0.9,6,0.25,1
5_559558041,5,0.47,NA,0.6,0.1,4,0.56,1
5_562497132,5,0.1,NA,-0.03,0.25,2,-0.38,1
5_562700758,5,0.87,NA,0.13,0.1,5,0.04,NA
5_565402374,5,-0.17,NA,0.27,0.32,3,0.15,0.51
5_565618261,5,0.83,NA,0.8,0.75,6,0.59,0.87
5_570870348,5,0.13,NA,0.1,0.15,3,0,0.83
5_576529618,5,0.03,NA,0,0,1,0,NA
5_577757899,5,0.63,NA,0.63,0.22,3,0.66,0.52
5_577758862,5,0.17,NA,0.2,0.22,4,0.05,0.78
5_580168797,5,0.73,NA,0.73,0.38,3,0.56,1
5_580386458,5,0.13,NA,0.17,0.37,4,-0.01,0.4
5_580932903,5,-0.07,NA,0.07,0.03,6,0.06,NA
5_582727002,5,0.57,NA,0.37,0.92,7,0.17,0.39
5_589257682,5,0,NA,-0.07,0,1,-0.07,NA
5_590813284,5,0.03,NA,-0.1,0.2,3,-0.2,0.2
5_591922197,5,0.67,NA,0.77,0,1,0.77,NA
5_593263598,5,0.17,NA,-0.13,0.15,4,-0.28,0.83
5_594636730,5,-0.07,NA,-0.03,0.12,2,-0.07,0.25
5_602548494,5,0,NA,0,0,1,0,NA
5_603431960,5,-0.07,NA,0,0.42,4,-0.39,0.38
5_611666838,5,0.03,NA,0,0,1,0,NA
5_613037481,5,0.17,NA,0,0,1,0,NA
5_617319702,5,0.7,NA,0.37,0.13,3,0.34,0.67
5_618473921,5,-0.07,NA,0.2,0.33,3,-0.2,1
5_625329770,5,-0.1,NA,0.23,0.25,3,0.07,0.71
5_639900562,5,0.93,NA,0.77,0.95,5,NA,0.75
5_640382841,5,0.07,NA,0,0.27,4,-0.21,0.71
5_641691918,5,-0.03,NA,0.47,0.6,6,0.25,0.61
5_649971045,5,0.03,NA,0.37,0.9,3,0.33,0.37
5_652253420,5,0.07,NA,0,0,1,0,NA
5_653157631,5,0.67,NA,0.83,1,7,NA,0.83
5_659185310,5,-0.37,NA,-0.57,0.95,6,NA,-0.59
5_659802904,5,0.7,NA,0.6,0.83,6,0.42,0.63
5_663590307,5,0.57,NA,0.37,0.97,6,1,0.34
5_663722728,5,0.33,NA,0.43,0.27,2,0,0.5
5_670738183,5,0,NA,-0.07,0,1,-0.07,NA
5_673158967,5,0.1,NA,0.03,0.27,3,-0.22,0.63
5_674354661,5,0.13,NA,0.3,0.18,2,0,1
5_675361479,5,0,NA,0,0,1,0,NA
5_685225112,5,-0.03,NA,0.07,0,1,0.07,NA
5_685423578,5,0.7,NA,0.73,0.15,3,0.72,NA
5_689331768,5,0.4,NA,0.53,0.18,4,0.41,NA
5_694368279,5,0.2,NA,-0.07,0.15,2,-0.18,0.57
5_697556235,5,0.27,NA,0.2,0.05,2,0.16,1
5_698743276,5,0.07,NA,0.27,0.28,3,-0.12,0.6
5_700296587,5,-0.07,NA,0.5,0.28,3,0.3,0.83
5_702411223,5,0.17,NA,0.07,0.17,2,-0.05,0.83
5_702752991,5,0.4,NA,0.63,0.22,3,0.64,0.62
5_706947568,5,0.7,NA,0.57,0.7,4,0.32,0.68
5_707709361,5,0.23,NA,-0.03,0.03,2,-0.07,1
5_712739175,5,0.07,NA,0.4,0.03,3,0.41,0
5_718021052,5,0.03,NA,-0.1,0.02,1,-0.09,NA
5_723869894,5,0.9,NA,0.93,0.98,7,NA,0.97
5_724120034,5,0.1,NA,0.07,0.23,3,-0.15,0.89
5_724384632,5,-0.07,NA,0.13,0.1,2,0.04,NA
5_728740624,5,0.33,NA,0.37,0.55,5,-0.15,0.8
5_729193027,5,0.27,NA,0.37,0.13,2,0.39,0
5_734143895,5,-0.1,NA,0,0.03,2,-0.07,NA
5_734893857,5,0.8,NA,0.7,0.83,6,0.83,0.67
5_737917623,5,0.07,NA,0.03,0,1,0.03,NA
5_742682526,5,0.3,NA,0.17,0.27,4,0.14,0.27
5_745800901,5,-0.03,NA,0,0.03,1,0,0
5_747774911,5,-0.13,NA,0.63,0.62,6,0.05,0.94
5_752576015,5,0.73,NA,0.43,0.77,5,0.38,0.46
5_755818443,5,0.07,NA,0.03,0.25,3,-0.29,1
5_761790772,5,0.03,NA,0.77,0.98,6,NA,0.8
5_762328347,5,0.23,NA,-0.1,0.12,3,-0.13,-0.2
5_769145415,5,0.1,NA,0.07,0.88,6,0.6,0.05
5_770187176,5,0.3,NA,-0.07,0.48,4,-0.43,0.39
5_771393402,5,0.6,NA,0.2,0.78,4,-0.38,0.36
5_773867391,5,0.23,NA,0.2,0.28,3,-0.07,0.67
5_774797699,5,0,NA,0,0,1,0,NA
5_777022764,5,0.47,NA,0.23,0.22,4,0.06,0.86
5_777312037,5,0.27,NA,0.47,0,1,0.47,NA
5_788801514,5,-0.1,NA,0.53,0.12,2,0.43,NA
5_793290647,5,0.33,NA,0.07,0.08,2,0.06,0.17
5_798304334,5,0.07,NA,0.37,0.48,5,-0.35,0.86
5_804690348,5,0.67,NA,0.83,0,1,0.83,NA
5_804926324,5,0.07,NA,0,0,1,0,NA
5_806189096,5,0.83,NA,0.63,0.42,5,0.32,1
5_816100564,5,0,NA,0,0.58,4,0,0
5_818950202,5,0.13,NA,0.07,0,1,0.07,NA
5_819177542,5,0.07,NA,0.47,0.42,3,0.09,1
5_824288176,5,0.03,NA,0.43,0.23,3,0.26,1
5_825327997,5,0.07,NA,0.1,0.05,2,0,NA
5_833363030,5,-0.03,NA,-0.13,0.87,3,0,-0.15
5_834362450,5,0.9,NA,0.9,0.87,6,1,0.89
5_835934101,5,-0.03,NA,0.23,0.17,3,0.09,1
5_836810172,5,0.1,NA,-0.07,0.25,2,-0.16,0.23
5_838378230,5,0.17,NA,0.13,0.05,2,0.09,1
5_839923697,5,-0.37,NA,-0.03,0.22,3,-0.07,0.12
5_847325847,5,0.03,NA,0.3,0.28,2,0.01,0.92
5_848279411,5,0.4,NA,0.97,0.63,4,NA,0.97
5_848279434,5,0.3,NA,0.27,0.38,4,0,0.73
5_850835713,5,0,NA,0.43,0.42,4,0,1
5_850846837,5,0.83,NA,0.7,0,1,0.7,NA
5_852658454,5,0.77,NA,0.83,1,7,NA,0.83
5_864516972,5,-0.03,NA,0.03,0,1,0.03,NA
5_870019599,5,0.7,NA,0.13,0.2,4,-0.02,0.5
5_872187172,5,0,NA,-0.07,0.08,2,-0.16,1
5_873934556,5,0.1,NA,0,0,1,0,NA
5_874439829,5,0.07,NA,-0.03,0.07,2,-0.1,NA
5_888089443,5,0.03,NA,0.27,0.23,2,0.04,1
5_890408292,5,0.43,NA,0.57,0.7,6,0.04,0.59
5_891572260,5,-0.07,NA,0,0,1,0,NA
5_893323259,5,0.77,NA,0.17,0.07,2,0.1,1
5_895346667,5,0.5,NA,0.77,0.18,3,0.71,1
5_898699104,5,0.17,NA,0.3,0.55,6,-0.13,0.58
5_900653247,5,0,NA,0.23,0.93,5,-0.33,0.25
5_904062037,5,0,NA,0,0,1,0,NA
5_904151564,5,0,NA,0.2,0,1,0.2,NA
5_908462411,5,0.33,NA,0.13,0.35,5,0.04,0.71
5_913143616,5,0.1,NA,0.5,0.48,5,0.15,0.83
5_915057176,5,0.47,NA,0.2,0,1,0.2,NA
5_918295972,5,0.03,NA,0.2,0.07,2,0.17,0.67
5_925409847,5,0.1,NA,0.07,0.02,2,0.04,NA
5_926115461,5,0.97,NA,0.03,0.05,2,-0.03,1
5_929309769,5,0.17,NA,0.33,0.17,3,0.17,1
5_942420014,5,0.07,NA,-0.1,0.02,2,-0.09,NA
5_942896505,5,0.5,NA,0.53,0.7,5,0.33,0.62
5_943454472,5,0,NA,0.07,0.05,2,0.01,1
5_945428108,5,0,NA,0,0,1,0,NA
5_945540243,5,0.1,NA,0.2,0.13,2,0.08,1
5_947925477,5,0,NA,0.4,0.02,1,0.43,NA
5_967257877,5,0.5,NA,0.43,0.52,5,0.21,0.63
5_969948633,5,1,NA,0.97,0.2,4,1,0
5_977944306,5,0.73,NA,0.87,0.9,6,1,0.85
5_978625298,5,0.03,NA,0,0,1,0,NA
5_980601162,5,0.07,NA,0.03,0.02,2,0.01,NA
5_981832325,5,-0.17,NA,-0.03,0.03,2,-0.07,1
5_982971467,5,0,NA,0,0,1,0,NA
5_987889691,5,0.63,NA,0.8,0.92,6,0.67,0.82
5_990004073,5,0.27,NA,0.37,0.18,3,0.2,0.88
5_999172017,5,0,NA,0,0,1,0,NA
