std_amp_effect,influence_rate,group
0.28892649998876135,0,1
0.41921945960067847,0.001,1
0.13441140698083193,0.002,1
0.19543567093214326,0.003,1
0.1259760866188158,0.004,1
0.3513120771530791,0.005,1
0.25540431540160746,0.006,1
0.11608062241773881,0.007,1
0.21801523609039797,0.008,1
0.2004790451285824,0.009000000000000001,1
0.32973101275361305,0.01,1
0.355741649513032,0.011,1
0.17266629925213564,0.012,1
0.4025072609846085,0.013000000000000001,1
0.34666121712665093,0.014,1
0.32339183178148734,0.015,1
0.3264441898678834,0.016,1
0.3432419921394225,0.017,1
0.3973222153950414,0.018000000000000002,1
0.24708059413887198,0.019,1
0.30457684846023253,0.02,1
0.5794691413938671,0.021,1
0.19119997975172753,0.022,1
0.32954295709326653,0.023,1
0.1562035434784347,0.024,1
0.32130814808577934,0.025,1
0.39749606342370725,0.026000000000000002,1
0.06465378446600828,0.027,1
0.2415482187886827,0.028,1
0.525387414958176,0.029,1
0.22259789444678546,0.03,1
0.15763320201211148,0.031,1
0.34576693816535703,0.032,1
0.22769991092091607,0.033,1
0.44837446283852195,0.034,1
0.4082048862474279,0.035,1
0.37997584441096777,0.036000000000000004,1
0.15747841985832575,0.037,1
0.3359203832683437,0.038,1
0.3381222550685774,0.039,1
0.09165414681667144,0.04,1
0.3627833902936121,0.041,1
0.33006132458846543,0.042,1
0.1941602761387306,0.043000000000000003,1
0.2791350540362728,0.044,1
0.5047973229830856,0.045,1
0.37840972776946524,0.046,1
0.17227706854034266,0.047,1
0.30911240065007384,0.048,1
0.4746845306340305,0.049,1
0.30324521834740625,0.05,1
0.24885672845953175,0.051000000000000004,1
0.4164805238598266,0.052000000000000005,1
0.2534722658323858,0.053,1
0.27693699512566156,0.054,1
0.385580915253098,0.055,1
0.47791443319706534,0.056,1
0.2174657284309126,0.057,1
0.27711200473653563,0.058,1
0.2930962682512474,0.059000000000000004,1
0.3894131057415419,0.06,1
0.45404061702468584,0.061,1
0.46911065002257213,0.062,1
0.2772783084136915,0.063,1
0.39312109629702086,0.064,1
0.2126397370783134,0.065,1
0.24621786266468482,0.066,1
0.1803055808741687,0.067,1
0.18995841819521334,0.068,1
0.35912199303558856,0.069,1
0.373371256769246,0.07,1
0.32172775622243005,0.07100000000000001,1
0.22377859566097227,0.07200000000000001,1
0.32969031311710534,0.073,1
0.17950062162142216,0.074,1
0.12442359159619554,0.075,1
0.24972573943937865,0.076,1
0.25878721403719035,0.077,1
0.20502521144833535,0.078,1
0.09958578299439355,0.079,1
0.2575334621178112,0.08,1
0.35327040599243253,0.081,1
0.37861753104614027,0.082,1
0.45954541279600325,0.083,1
0.3041773156077361,0.084,1
0.5276475050256895,0.085,1
0.34527002186335376,0.08600000000000001,1
0.28431013915344644,0.08700000000000001,1
0.10699817968071795,0.088,1
0.5430405416117269,0.089,1
0.4410700745100373,0.09,1
0.36336929760847014,0.091,1
0.41184549633141304,0.092,1
0.40443726298646937,0.093,1
0.3859207905623596,0.094,1
0.3941835292409226,0.095,1
0.40621315836472455,0.096,1
0.2309895170084177,0.097,1
0.27314621447423737,0.098,1
0.3117522001633908,0.099,1
0.21443946736880243,0.1,1
0.5175206339253258,0.101,1
0.16755501104460493,0.10200000000000001,1
0.3142196304648964,0.10300000000000001,1
0.220535505261514,0.10400000000000001,1
0.3089223807660592,0.105,1
0.316900856805757,0.106,1
0.2951635608033052,0.107,1
-0.009465532297768475,0.108,1
0.05037465221124052,0.109,1
0.3720620290080438,0.11,1
0.2107842146673724,0.111,1
0.30970200128514097,0.112,1
0.3800029861714899,0.113,1
0.2831703177597323,0.114,1
0.22855314410452288,0.115,1
0.2773394343665463,0.116,1
0.4608540927511934,0.117,1
0.45600375308606533,0.11800000000000001,1
0.4945904762151401,0.11900000000000001,1
0.45008400129551357,0.12,1
0.14068028833194424,0.121,1
0.1144478110299485,0.122,1
0.3065208081147135,0.123,1
0.2822279112652501,0.124,1
0.15222559134418762,0.125,1
0.10057075650395852,0.126,1
0.4247520173328841,0.127,1
0.46703757754982594,0.128,1
0.32639231873594593,0.129,1
0.31707469509298475,0.13,1
0.28778946126456956,0.131,1
0.2505572592791573,0.132,1
0.16094650359487567,0.133,1
0.2795099707249698,0.134,1
0.1951126458164371,0.135,1
0.3190746489144674,0.136,1
0.3707658062488872,0.137,1
0.27091353186132006,0.138,1
0.44839965866842557,0.139,1
0.4675225154906442,0.14,1
0.4237410237699055,0.14100000000000001,1
0.1588000023693712,0.14200000000000002,1
0.1458255370560037,0.14300000000000002,1
0.3076944410944179,0.14400000000000002,1
0.3158322698849273,0.145,1
0.367344443228018,0.146,1
0.15304124557199147,0.147,1
0.27248389864436834,0.148,1
0.33517725579754504,0.149,1
0.13351468886443335,0.15,1
0.31869321520357613,0.151,1
0.4902827496060397,0.152,1
0.1481224275045629,0.153,1
0.433052663251987,0.154,1
0.40516004878014417,0.155,1
0.405512167228366,0.156,1
0.4431406964195619,0.157,1
0.30206470049522505,0.158,1
0.32013348882351333,0.159,1
0.20102072466968074,0.16,1
0.351847961452904,0.161,1
0.42742558760856086,0.162,1
0.3192179329002146,0.163,1
0.4175169564767082,0.164,1
0.4242392931204571,0.165,1
0.17086100568455892,0.166,1
0.33379710889932634,0.167,1
0.2524847320535975,0.168,1
0.28340456045405865,0.169,1
0.2833611370597234,0.17,1
0.18768394643508812,0.171,1
0.39409467240137713,0.17200000000000001,1
0.20867233080017625,0.17300000000000001,1
0.3485872121213157,0.17400000000000002,1
0.120480302130625,0.17500000000000002,1
0.2630198530053149,0.176,1
0.2791319429275347,0.177,1
0.23388882376987336,0.178,1
0.28234037155085306,0.179,1
0.403581157253679,0.18,1
0.3585352730701295,0.181,1
0.22067491675277986,0.182,1
0.2787459511841468,0.183,1
0.29033612894742433,0.184,1
0.26216495917516996,0.185,1
0.28681960145696495,0.186,1
0.2706515424544416,0.187,1
0.5137481087239592,0.188,1
0.328994796314826,0.189,1
0.35476140091861474,0.19,1
0.24210157129165452,0.191,1
0.32421453751949403,0.192,1
0.3287659166799336,0.193,1
0.33959829555557347,0.194,1
0.3183620559839254,0.195,1
0.49827846390732794,0.196,1
0.10332230924933891,0.197,1
0.3544728249923931,0.198,1
0.35297082147263414,0.199,1
0.2287044699189038,0.2,1
0.30591297282320035,0.201,1
0.20890628974942313,0.202,1
0.22557273250567925,0.203,1
0.07883596471353457,0.20400000000000001,1
0.42700514507791154,0.20500000000000002,1
0.24528160678153305,0.20600000000000002,1
0.3605020273999348,0.20700000000000002,1
0.2725329332884911,0.20800000000000002,1
0.5023841474382341,0.209,1
0.32420617111820715,0.21,1
0.5218841438866482,0.211,1
0.31642273269670024,0.212,1
0.44509759385635117,0.213,1
0.3123416013976889,0.214,1
0.33488014448366876,0.215,1
0.27569984582410023,0.216,1
0.31026157355476297,0.217,1
0.3716221952109442,0.218,1
0.34898970914758254,0.219,1
0.13573434165992457,0.22,1
0.4216281397165638,0.221,1
0.22563475607021424,0.222,1
0.39430824149070703,0.223,1
0.2876497923867511,0.224,1
0.30705507685898487,0.225,1
0.3520473210390536,0.226,1
0.210016091025073,0.227,1
0.29323535783066546,0.228,1
0.2302976452039195,0.229,1
0.3681209291320545,0.23,1
0.3334216185752398,0.231,1
0.15772705629524014,0.232,1
0.26874978030497754,0.233,1
0.24016855882452554,0.234,1
0.233661924323826,0.23500000000000001,1
0.3005708253934137,0.23600000000000002,1
0.11827709255745883,0.23700000000000002,1
0.49249185520801075,0.23800000000000002,1
0.34760221678948644,0.23900000000000002,1
0.10655567907445859,0.24,1
0.20861799887804416,0.241,1
0.33704201312848686,0.242,1
0.07067035459456783,0.243,1
0.25179765112675645,0.244,1
0.29807550972381047,0.245,1
0.42704252503708867,0.246,1
0.4675964577621832,0.247,1
0.43233098056922503,0.248,1
0.4481873540686604,0.249,1
0.25035211609375196,0.25,1
0.41379538335161364,0.251,1
0.3041106878012564,0.252,1
0.48123849936443885,0.253,1
0.33347573427228894,0.254,1
0.36858836804548534,0.255,1
0.3383539456599541,0.256,1
0.3817685587115302,0.257,1
0.33841410137899275,0.258,1
0.25515956411489915,0.259,1
0.3107896650199128,0.26,1
0.5939821160072287,0.261,1
0.19227020491228952,0.262,1
0.3505308049224106,0.263,1
0.3419403028178363,0.264,1
0.4007972896475669,0.265,1
0.06804326735141325,0.266,1
0.17385260111652373,0.267,1
0.3128244944687255,0.268,1
0.2072371793079782,0.269,1
0.25701316091112986,0.27,1
0.3679026636855057,0.271,1
0.29676973945399326,0.272,1
0.22185955197411383,0.273,1
0.270912661409547,0.274,1
0.4731700802109785,0.275,1
0.46013459815989316,0.276,1
0.2549659637564239,0.277,1
0.4546290733208248,0.278,1
0.3610662642218793,0.279,1
0.38929742914273774,0.28,1
0.20357643373561873,0.281,1
0.14624658743217595,0.28200000000000003,1
0.4329019683815565,0.28300000000000003,1
0.22666445303774274,0.28400000000000003,1
0.23690953975138251,0.28500000000000003,1
0.32198884242371656,0.28600000000000003,1
0.13515605639079362,0.28700000000000003,1
0.35923099141290493,0.28800000000000003,1
0.4325891924106964,0.289,1
0.28854408850427354,0.29,1
0.12718805288016516,0.291,1
0.24111154564024243,0.292,1
0.24428748220986074,0.293,1
0.4047740472214628,0.294,1
0.4056028590086111,0.295,1
0.3299613183478682,0.296,1
0.2614852530224019,0.297,1
0.28531887431379,0.298,1
0.36739035562180067,0.299,1
0.38115889191354146,0.3,1
0.4756083255853184,0.301,1
0.17826000375888545,0.302,1
0.3377272862176701,0.303,1
0.32587076329724074,0.304,1
0.12767506635869152,0.305,1
0.27882423663840394,0.306,1
0.24477535327719602,0.307,1
0.18321093335377042,0.308,1
0.3249717416930995,0.309,1
0.060756077513952345,0.31,1
0.40725411990120225,0.311,1
0.4494663649316939,0.312,1
0.42513726818649133,0.313,1
0.39134294983009366,0.314,1
0.3247699174106487,0.315,1
0.3160668789864362,0.316,1
0.2886403159601215,0.317,1
0.2239418285633074,0.318,1
0.3208147193958382,0.319,1
0.3751350438324361,0.32,1
0.16914929565573086,0.321,1
0.27498387991034723,0.322,1
0.2661038241550295,0.323,1
0.33033975019414996,0.324,1
0.213753886199147,0.325,1
0.3960120381813917,0.326,1
0.24983395902088124,0.327,1
0.42701476975645924,0.328,1
0.24884688064018706,0.329,1
0.4209133926140094,0.33,1
0.2663749493934191,0.331,1
0.36471124231248475,0.332,1
0.32773312873621196,0.333,1
0.2908748345637467,0.334,1
0.4494835878004074,0.335,1
0.3184121873631606,0.336,1
0.34255518568186427,0.337,1
0.2857780834663315,0.338,1
0.2593875965166666,0.339,1
0.5208447320105807,0.34,1
0.27886822015413426,0.341,1
0.3143804382288425,0.342,1
0.33313355006370865,0.343,1
0.31737740273571396,0.34400000000000003,1
0.4428940025485355,0.34500000000000003,1
0.18310038622101638,0.34600000000000003,1
0.2652402333424227,0.34700000000000003,1
0.18627458489885557,0.34800000000000003,1
0.2307609174896423,0.34900000000000003,1
0.349345739014308,0.35000000000000003,1
0.3845001564331079,0.35100000000000003,1
0.5847825053455189,0.352,1
0.35023960407382126,0.353,1
0.27053900650579177,0.354,1
0.199534134060589,0.355,1
0.3405157913360274,0.356,1
0.39277156910890965,0.357,1
0.2571982466169392,0.358,1
0.32673142895710705,0.359,1
0.3244523476432031,0.36,1
0.2599520854856688,0.361,1
0.3780106903594324,0.362,1
0.15701706486166322,0.363,1
0.5023803397538089,0.364,1
0.30540846199169086,0.365,1
0.3426617639197589,0.366,1
0.3107452638433897,0.367,1
0.1674431078464413,0.368,1
0.35905903207931056,0.369,1
0.288527142277736,0.37,1
0.19778665300323112,0.371,1
0.33829036225186643,0.372,1
0.10506616203639801,0.373,1
0.4535740229062536,0.374,1
0.2099478908661624,0.375,1
0.2876552824370778,0.376,1
0.4852161559317041,0.377,1
0.1551790745780959,0.378,1
0.46779437745843827,0.379,1
0.38071262758545027,0.38,1
0.37164167157776273,0.381,1
0.08107467221196354,0.382,1
0.2757671738127509,0.383,1
0.16057120186705262,0.384,1
0.22914540845888848,0.385,1
0.34386137068779554,0.386,1
0.21166310802865826,0.387,1
0.4087769103549095,0.388,1
0.30489247951400195,0.389,1
0.1413395927131995,0.39,1
0.3855762514343877,0.391,1
0.23970063284898158,0.392,1
0.19630441776273977,0.393,1
0.4183364793108858,0.394,1
0.33178220511311723,0.395,1
0.3493887458839054,0.396,1
0.3316282171841922,0.397,1
0.23023323685158226,0.398,1
0.301801591091555,0.399,1
0.2820694227894605,0.4,1
0.23499123126655685,0.401,1
0.13082639286366465,0.402,1
0.3478429418495621,0.403,1
0.23328622895377205,0.404,1
0.4318081030593003,0.405,1
0.3984463330043478,0.406,1
0.27014649730563656,0.40700000000000003,1
0.3324947355618595,0.40800000000000003,1
0.3929028803867951,0.40900000000000003,1
0.2715457786042973,0.41000000000000003,1
0.602247560733362,0.41100000000000003,1
0.35646548433358327,0.41200000000000003,1
0.290663410452639,0.41300000000000003,1
0.30551751135643146,0.41400000000000003,1
0.2961346664613504,0.41500000000000004,1
0.4309009743550487,0.41600000000000004,1
0.4243326419470478,0.417,1
0.3135746022678391,0.418,1
0.28411462560263107,0.419,1
0.35893797331737304,0.42,1
0.24038825720402401,0.421,1
0.30566506693317164,0.422,1
0.2813803076424725,0.423,1
0.15832556741766124,0.424,1
0.2436688651294489,0.425,1
0.18911893111691708,0.426,1
0.3940367423405046,0.427,1
0.18274879264218885,0.428,1
0.2879911746150707,0.429,1
0.20287629955179248,0.43,1
0.3094800999522558,0.431,1
0.2526692219546359,0.432,1
0.5351891434646441,0.433,1
0.2667968568575384,0.434,1
0.37502013300748216,0.435,1
0.3385368238972054,0.436,1
0.36790202267083905,0.437,1
0.40235641705614655,0.438,1
0.2514288519170016,0.439,1
0.1866521123468734,0.44,1
0.36636194457770627,0.441,1
0.20738776398843778,0.442,1
0.436526639225024,0.443,1
0.19064681518063625,0.444,1
0.043568107263254885,0.445,1
0.19419364178798748,0.446,1
0.24825594074146196,0.447,1
0.48992525377377777,0.448,1
0.38239859140049864,0.449,1
0.4573132186513398,0.45,1
0.16860679584538937,0.451,1
0.41146771359947604,0.452,1
0.23920115508097545,0.453,1
0.38669110479090607,0.454,1
0.10565496607252048,0.455,1
0.39841658997479457,0.456,1
0.2697814045866765,0.457,1
0.28136682198118157,0.458,1
0.4324513191450964,0.459,1
0.33636482248538624,0.46,1
0.3100736969779704,0.461,1
0.3823425548416919,0.462,1
0.21110822744121166,0.463,1
0.1668498268061776,0.464,1
0.40836075937164773,0.465,1
0.4423417817353526,0.466,1
0.3499641061542692,0.467,1
0.2992165456940493,0.468,1
0.4419803057495122,0.46900000000000003,1
0.3148903331203836,0.47000000000000003,1
0.33894462040723033,0.47100000000000003,1
0.3118150353480812,0.47200000000000003,1
0.3752450112402711,0.47300000000000003,1
0.18280648576258307,0.47400000000000003,1
0.2536885594198801,0.47500000000000003,1
0.2799647243904332,0.47600000000000003,1
0.13801059433891796,0.47700000000000004,1
0.37721251209706175,0.47800000000000004,1
0.3216093825107763,0.47900000000000004,1
0.22903786907965473,0.48,1
0.3351004816858365,0.481,1
0.3172628540068317,0.482,1
0.2295429175541268,0.483,1
0.3063448553265996,0.484,1
0.2241763549087875,0.485,1
0.3535870977652782,0.486,1
0.1609613007185151,0.487,1
0.3161761188031519,0.488,1
0.38451450385275787,0.489,1
0.32042531780642863,0.49,1
0.22210285439250677,0.491,1
0.19153548687242228,0.492,1
0.13773428007202634,0.493,1
0.3456257766576094,0.494,1
0.3184073287436211,0.495,1
0.30579763571196367,0.496,1
0.36921157146152533,0.497,1
0.16337624267243162,0.498,1
0.35392092810598264,0.499,1
0.16780679528442835,0.5,1
0.27187113302554056,0.501,1
0.0895053119230502,0.502,1
0.13823952651486276,0.503,1
0.22762681192612538,0.504,1
0.3306741036114093,0.505,1
0.32255961989436277,0.506,1
0.39357160410184616,0.507,1
0.3442404853169274,0.508,1
0.3454519032908939,0.509,1
0.20379260420535383,0.51,1
0.18675347777721324,0.511,1
0.23996730179214168,0.512,1
0.12249389500092103,0.513,1
0.2908285811717214,0.514,1
0.2767374266113682,0.515,1
0.24868907295912582,0.516,1
0.3185588586233431,0.517,1
0.15683768894857275,0.518,1
0.11013552124504392,0.519,1
0.3571237228363946,0.52,1
0.20243739502374203,0.521,1
0.21235238013691687,0.522,1
0.2554753818049703,0.523,1
0.22256702007951268,0.524,1
0.4231309496554997,0.525,1
0.4028078895746031,0.526,1
0.3050103402501215,0.527,1
0.27896178592306164,0.528,1
0.23869311646596594,0.529,1
0.3995449252995684,0.53,1
0.32392741592713453,0.531,1
0.3212821189674918,0.532,1
0.15036968434057743,0.533,1
0.38776933490648435,0.534,1
0.23965615006297938,0.535,1
0.3341492201507447,0.536,1
0.30497093743721115,0.537,1
0.4317627145961295,0.538,1
0.4349456940424598,0.539,1
0.43025748709313216,0.54,1
0.29128602131413484,0.541,1
0.28864510314902314,0.542,1
0.30963360518561267,0.543,1
0.34887576121917035,0.544,1
0.2970381233162129,0.545,1
0.16731848880556746,0.546,1
0.21100120785383697,0.547,1
0.1909665307362895,0.548,1
0.2332410662818637,0.549,1
0.4294703286550994,0.55,1
0.2908660552350964,0.551,1
0.3669943205636072,0.552,1
0.2911167929835041,0.553,1
0.3951227967519402,0.554,1
0.11838403631601466,0.555,1
0.25319848646335763,0.556,1
0.2914615424713654,0.557,1
0.33769194984452894,0.558,1
0.27694929689582876,0.559,1
0.2792348922605169,0.56,1
0.4130153994787027,0.561,1
0.36244264732840303,0.562,1
0.2672998693778253,0.5630000000000001,1
0.2935574691742198,0.5640000000000001,1
0.369088329351212,0.5650000000000001,1
0.13800426646674688,0.5660000000000001,1
0.3847692026484125,0.5670000000000001,1
0.43694709277090965,0.5680000000000001,1
0.2406402169196844,0.5690000000000001,1
0.30541853352800413,0.5700000000000001,1
0.14613128196798025,0.5710000000000001,1
0.28801069665423457,0.5720000000000001,1
0.326363034291487,0.5730000000000001,1
0.2241875185186908,0.5740000000000001,1
0.2899217121517992,0.5750000000000001,1
0.2068162561920917,0.5760000000000001,1
0.2907683939501001,0.577,1
0.27606144783402675,0.578,1
0.3497228176912971,0.579,1
0.3749447417269941,0.58,1
0.4654446700435673,0.581,1
0.3847075237529358,0.582,1
0.25911375852793406,0.583,1
0.28136624060191434,0.584,1
0.47352856206352867,0.585,1
0.18120866992194667,0.586,1
0.2881631726452437,0.587,1
0.5392978600083598,0.588,1
0.2622910261760131,0.589,1
0.18092368019859956,0.59,1
0.3282250150127447,0.591,1
0.1734192095148036,0.592,1
0.1575592138833792,0.593,1
0.27845290859247906,0.594,1
0.18144126347713876,0.595,1
0.2537640181347352,0.596,1
0.425816280840854,0.597,1
0.4967043500693915,0.598,1
0.22924186304163047,0.599,1
0.2566053474969252,0.6,1
0.3256866813618797,0.601,1
0.19548147075850253,0.602,1
0.2980658723186846,0.603,1
0.1951569488579072,0.604,1
0.21823904427234742,0.605,1
0.28797543148399274,0.606,1
0.29115486101355487,0.607,1
0.38163817853767396,0.608,1
0.25951212961550885,0.609,1
0.35664177863123303,0.61,1
0.12913696640177474,0.611,1
0.3267208979935429,0.612,1
0.3845661236412004,0.613,1
0.2942081667479986,0.614,1
0.2857032623354921,0.615,1
0.2598281485361536,0.616,1
0.3145840440285104,0.617,1
0.3825918551201045,0.618,1
0.39388377082962983,0.619,1
0.3235520944916494,0.62,1
0.2495637508643302,0.621,1
0.47306576385984955,0.622,1
0.39821647099944835,0.623,1
0.20752018898085475,0.624,1
0.32055508158375323,0.625,1
0.1360350350760346,0.626,1
0.13737476588247072,0.627,1
0.2181342048045009,0.628,1
0.30331242280876325,0.629,1
0.24354523053833022,0.63,1
0.4228014705260002,0.631,1
0.5084455628853461,0.632,1
0.3909204700518806,0.633,1
0.42603875813276965,0.634,1
0.38610261701365584,0.635,1
0.4093522028077172,0.636,1
0.5461770550208134,0.637,1
0.23059695863489027,0.638,1
0.18019768584123935,0.639,1
0.5615939326391471,0.64,1
0.2425131657371875,0.641,1
0.1700475605817505,0.642,1
0.19478904014531043,0.643,1
0.37480309914925003,0.644,1
0.24595263901995232,0.645,1
0.26001102612363647,0.646,1
0.2692674149752454,0.647,1
0.39134865554686826,0.648,1
0.2941963980266833,0.649,1
0.38794981024726416,0.65,1
0.3085241600416056,0.651,1
0.41541634745298833,0.652,1
0.3816645175108866,0.653,1
0.35163687778402297,0.654,1
0.3719304251996725,0.655,1
0.11662886414034818,0.656,1
0.28923537300137553,0.657,1
0.2615566693457577,0.658,1
0.14448831198165452,0.659,1
0.3180197971684519,0.66,1
0.36162218697653475,0.661,1
0.3571057337482294,0.662,1
0.23062729604052418,0.663,1
0.3356447591860755,0.664,1
0.33959686052692345,0.665,1
0.4829058981565292,0.666,1
0.18816989352371233,0.667,1
0.36892047987941556,0.668,1
0.2658761994569587,0.669,1
0.32472094670228613,0.67,1
0.1867456298138595,0.671,1
0.21208136363052021,0.672,1
0.14547548319827225,0.673,1
0.2909242355870119,0.674,1
0.32087682663718525,0.675,1
0.27437405619968436,0.676,1
0.21487911869926335,0.677,1
0.3609953178282101,0.678,1
0.39216656375013326,0.679,1
0.27235749990061936,0.68,1
0.4412409439337659,0.681,1
0.17002432919399843,0.682,1
0.3712297110467219,0.683,1
0.37959333230895115,0.684,1
0.2160123717452176,0.685,1
0.3578206132275472,0.686,1
0.36865409622931433,0.687,1
0.41745613891913264,0.6880000000000001,1
0.337756691440136,0.6890000000000001,1
0.21176919138145148,0.6900000000000001,1
0.2459821975124622,0.6910000000000001,1
0.25063773797151667,0.6920000000000001,1
0.4008019476288826,0.6930000000000001,1
0.2403310707378794,0.6940000000000001,1
0.18383200054584486,0.6950000000000001,1
0.3504687834173648,0.6960000000000001,1
0.3862180555177767,0.6970000000000001,1
0.5115466347751254,0.6980000000000001,1
0.3809976649383196,0.6990000000000001,1
0.29912846655652564,0.7000000000000001,1
0.3161571679545662,0.7010000000000001,1
0.20839675550075398,0.7020000000000001,1
0.5206933824945956,0.7030000000000001,1
0.22213937121812158,0.704,1
0.31261570269609507,0.705,1
0.37693887824000955,0.706,1
0.14475386851747113,0.707,1
0.39613577700514907,0.708,1
0.3306088393303995,0.709,1
0.28498432601332585,0.71,1
0.34646368667378397,0.711,1
0.25291954093006197,0.712,1
0.07411228168538425,0.713,1
0.36700533925670686,0.714,1
0.25449220373157305,0.715,1
0.45314321008368713,0.716,1
0.21425196241732403,0.717,1
0.36841519750210283,0.718,1
0.35628193596973085,0.719,1
0.29531157076806047,0.72,1
0.1854392757757038,0.721,1
0.3187870408451239,0.722,1
0.1669002689905776,0.723,1
0.22367562220940396,0.724,1
0.22743546416702626,0.725,1
0.42491197783189355,0.726,1
0.13890349925131745,0.727,1
0.21415958229253645,0.728,1
0.16407148559161844,0.729,1
0.33974176188288707,0.73,1
0.35036199217321096,0.731,1
0.4750422400005786,0.732,1
0.22586418426925364,0.733,1
0.46593184851480013,0.734,1
0.35047666874757466,0.735,1
0.3218973365045452,0.736,1
0.3789605711169057,0.737,1
0.20155875983478272,0.738,1
0.2786757642429882,0.739,1
0.23373561370424778,0.74,1
0.5157270505432778,0.741,1
0.21994331661630462,0.742,1
0.30854936287212986,0.743,1
0.34996672481064284,0.744,1
0.07608189903146029,0.745,1
0.36372728509661545,0.746,1
0.10897446472861949,0.747,1
0.34092345078229924,0.748,1
0.12266766007543778,0.749,1
0.23353448460331275,0.75,1
0.3091571450926232,0.751,1
0.2304580499101653,0.752,1
0.17800779461346075,0.753,1
0.4880859937328974,0.754,1
0.32152732541944073,0.755,1
0.4991625359708056,0.756,1
0.23274044362128155,0.757,1
0.2508870714196986,0.758,1
0.4947014398429523,0.759,1
0.3053733730171923,0.76,1
0.2967499053133687,0.761,1
0.42010445009793623,0.762,1
0.23610734946891526,0.763,1
0.16736592231491224,0.764,1
0.3361004651183181,0.765,1
0.2547331984892572,0.766,1
0.28561581529637403,0.767,1
0.35202991289846297,0.768,1
0.14176605634180034,0.769,1
0.14315082723458272,0.77,1
0.417121970498048,0.771,1
0.30154579575332235,0.772,1
0.4020291958254657,0.773,1
0.28462000343863547,0.774,1
0.3544213349100602,0.775,1
0.3452359668108584,0.776,1
0.2196986195285806,0.777,1
0.42255458173529087,0.778,1
0.38604977830689946,0.779,1
0.31715701840726285,0.78,1
0.29811633685316047,0.781,1
0.5319316958855949,0.782,1
0.13493484851325258,0.783,1
0.20044603774534314,0.784,1
0.4697829210625576,0.785,1
0.28281987917980767,0.786,1
0.1268049301612555,0.787,1
0.26199819573939936,0.788,1
0.36319143000642057,0.789,1
0.41645221062123405,0.79,1
0.3499783976668758,0.791,1
0.23981855028977161,0.792,1
0.14596047010888338,0.793,1
0.46230723755033953,0.794,1
0.2972208951328371,0.795,1
0.24044185400525364,0.796,1
0.24708902701849866,0.797,1
0.39152642704630225,0.798,1
0.15770006811336965,0.799,1
0.26572592655990557,0.8,1
0.42552628578067453,0.801,1
0.35595059214105385,0.802,1
0.345837148660632,0.803,1
0.3201057100321445,0.804,1
0.22835873982837118,0.805,1
0.28881381371932274,0.806,1
0.2156018888233483,0.807,1
0.38120682866864075,0.808,1
0.34023758603439724,0.809,1
0.2529823920825127,0.81,1
0.41545513313509486,0.811,1
0.4491123028072035,0.812,1
0.40211640391660847,0.8130000000000001,1
0.39792010117543763,0.8140000000000001,1
0.25053890517246796,0.8150000000000001,1
0.40714708420846796,0.8160000000000001,1
0.17950253068199395,0.8170000000000001,1
0.4021797268306603,0.8180000000000001,1
0.44212242518706146,0.8190000000000001,1
0.33853650443463895,0.8200000000000001,1
0.29073913525975004,0.8210000000000001,1
0.24630837617005297,0.8220000000000001,1
0.1680831655799141,0.8230000000000001,1
0.277558073197214,0.8240000000000001,1
0.2840212163162315,0.8250000000000001,1
0.41933448259705736,0.8260000000000001,1
0.19139152580753876,0.8270000000000001,1
0.28879199799660077,0.8280000000000001,1
0.25767138509673193,0.8290000000000001,1
0.26618266312177025,0.8300000000000001,1
0.36602701535450555,0.8310000000000001,1
0.3038214090526194,0.8320000000000001,1
0.30997946267442894,0.833,1
0.34599990189129626,0.834,1
0.1431758249433452,0.835,1
0.2891927306184324,0.836,1
0.31174225031560066,0.837,1
0.2712782559202453,0.838,1
0.380511811527865,0.839,1
0.15594977856025227,0.84,1
0.019215076320986013,0.841,1
0.17930370512082316,0.842,1
0.3469623583997937,0.843,1
0.47590120266299746,0.844,1
0.4563357779403314,0.845,1
0.15819121263041708,0.846,1
0.21594511171978148,0.847,1
0.408088459541691,0.848,1
0.29942683625503624,0.849,1
0.34537940531029665,0.85,1
0.37286227082095663,0.851,1
0.407247631775008,0.852,1
0.463913837845757,0.853,1
0.31322162918439167,0.854,1
0.30288187267031014,0.855,1
0.09993656415732935,0.856,1
0.37804696606807936,0.857,1
0.2864145678553196,0.858,1
0.15989926565278184,0.859,1
0.3120875824385203,0.86,1
0.34469585324163654,0.861,1
0.16774414828283576,0.862,1
0.24668981624836225,0.863,1
0.31417590114681926,0.864,1
0.1820176705797404,0.865,1
0.302793839789566,0.866,1
0.306863688987878,0.867,1
0.45744599762644894,0.868,1
0.43134094289348757,0.869,1
0.22540396175372948,0.87,1
0.47306912553386904,0.871,1
0.36874400910569244,0.872,1
0.1237474652238161,0.873,1
0.1987716085813324,0.874,1
0.21801240556733378,0.875,1
0.284158039280762,0.876,1
0.24514328246281208,0.877,1
0.17829011966739855,0.878,1
0.17487497579445718,0.879,1
0.43229930501198693,0.88,1
0.31727779834029507,0.881,1
0.31416339455754405,0.882,1
0.2951258533469259,0.883,1
0.3759531481900554,0.884,1
0.35367888818400556,0.885,1
0.33520891764634,0.886,1
0.5445995773931716,0.887,1
0.2524675930015887,0.888,1
0.3840847569186423,0.889,1
0.4292326460842597,0.89,1
0.32646589067836096,0.891,1
0.16995244516574445,0.892,1
0.2581695410995948,0.893,1
0.35329530524077357,0.894,1
0.24606714360965296,0.895,1
0.32042664767924334,0.896,1
0.24740848275508803,0.897,1
0.35477825629285675,0.898,1
0.4354511147569274,0.899,1
0.22935009679209406,0.9,1
0.18328404403556414,0.901,1
0.23418457624954728,0.902,1
0.28883539322760343,0.903,1
0.2277558364188444,0.904,1
0.1714567711145511,0.905,1
0.47464854240194715,0.906,1
0.2460790373766784,0.907,1
0.3948599871322227,0.908,1
0.20497507627529754,0.909,1
0.25831683771663044,0.91,1
0.3413234992821583,0.911,1
0.2827723703128954,0.912,1
0.37999308099800166,0.913,1
0.350374180251693,0.914,1
0.31197388122256653,0.915,1
0.2742733748025344,0.916,1
0.16637199367820757,0.917,1
0.21998295756386427,0.918,1
0.1826496612492749,0.919,1
0.28315080433064815,0.92,1
0.30087969342272175,0.921,1
0.3645240264843735,0.922,1
0.24167427328573152,0.923,1
0.21455544080716693,0.924,1
0.3029611967481136,0.925,1
0.2715113521718542,0.926,1
0.2948492027539595,0.927,1
0.5536374738001185,0.928,1
0.4067733519614853,0.929,1
0.23149232878156295,0.93,1
0.3857190701001757,0.931,1
0.2281558971765001,0.932,1
0.1290111197142697,0.933,1
0.42829782250110204,0.934,1
0.31444900310649776,0.935,1
0.30564946268065696,0.936,1
0.2290379332638341,0.937,1
0.42424535014463904,0.9380000000000001,1
0.31925622435556356,0.9390000000000001,1
0.4297382125089572,0.9400000000000001,1
0.3349852190763608,0.9410000000000001,1
0.3564557833362758,0.9420000000000001,1
0.21339386663398296,0.9430000000000001,1
0.32428463643497873,0.9440000000000001,1
0.19390473604246122,0.9450000000000001,1
0.0578440712527892,0.9460000000000001,1
0.39416075638844655,0.9470000000000001,1
0.4432884143978458,0.9480000000000001,1
0.3418317380552499,0.9490000000000001,1
0.3268009139997776,0.9500000000000001,1
0.3384052270596698,0.9510000000000001,1
0.11728405154071928,0.9520000000000001,1
0.20202603517860956,0.9530000000000001,1
0.23426598878790306,0.9540000000000001,1
0.2817196319204131,0.9550000000000001,1
0.3364508429372117,0.9560000000000001,1
0.42347965360422285,0.9570000000000001,1
0.45720382238218066,0.9580000000000001,1
0.30369733989263153,0.9590000000000001,1
0.36483567816427914,0.96,1
0.27287811167883985,0.961,1
0.315846151525618,0.962,1
0.3895720463026342,0.963,1
0.34724880128837843,0.964,1
0.2509509702583212,0.965,1
0.3655535317701082,0.966,1
0.3849697662092134,0.967,1
0.23636649594226505,0.968,1
0.35132924140964783,0.969,1
0.39566564794835457,0.97,1
0.3809710293847625,0.971,1
0.28235448400638913,0.972,1
0.38266331413932153,0.973,1
0.4340596656817924,0.974,1
0.20037830508000268,0.975,1
0.08224563375508923,0.976,1
0.39125059224565156,0.977,1
0.22149828296328855,0.978,1
0.22683904605722194,0.979,1
0.37780084054375274,0.98,1
0.15861605023090738,0.981,1
0.32974337014646166,0.982,1
0.535976359280186,0.983,1
0.19430030611417148,0.984,1
0.2570902877557134,0.985,1
0.34755523762736884,0.986,1
0.31689659225818145,0.987,1
0.1882147607524039,0.988,1
0.32121035248032864,0.989,1
0.26511546162979366,0.99,1
0.20035334891750528,0.991,1
0.40428718399567104,0.992,1
0.4706471346136333,0.993,1
0.14787567053830145,0.994,1
0.41469168753732094,0.995,1
0.32344396152943483,0.996,1
0.3543218817560545,0.997,1
0.2614927590594982,0.998,1
0.3514055489886365,0.999,1
0.33080042243546026,1,1
-0.48391539270459516,0,0
-0.45934046497351466,0.001,0
-0.26418031499093475,0.002,0
-0.1887122822266729,0.003,0
-0.34959184955433786,0.004,0
-0.16254457200635677,0.005,0
-0.3556210153153341,0.006,0
-0.2519331848968691,0.007,0
-0.4222883750447242,0.008,0
-0.39844959723362017,0.009000000000000001,0
-0.45832022016743357,0.01,0
-0.24747928466754834,0.011,0
-0.5016479647485167,0.012,0
-0.22659108058516936,0.013000000000000001,0
-0.1769377586592215,0.014,0
-0.31183323002874563,0.015,0
-0.34720148482240565,0.016,0
-0.42613947845244293,0.017,0
-0.35049698914679744,0.018000000000000002,0
-0.22235722764807953,0.019,0
-0.39007557689822686,0.02,0
-0.21138827958810688,0.021,0
-0.415359067627992,0.022,0
-0.33824123227429465,0.023,0
-0.3302771258855189,0.024,0
-0.21335793128803857,0.025,0
-0.23511813314004298,0.026000000000000002,0
-0.408544649970872,0.027,0
-0.3425928233462248,0.028,0
-0.24977759858466014,0.029,0
-0.32402251260814624,0.03,0
-0.44847197344687323,0.031,0
-0.25917417448693053,0.032,0
-0.12994198738824142,0.033,0
-0.36194887614423116,0.034,0
-0.30531263490262434,0.035,0
-0.22777014041965882,0.036000000000000004,0
-0.23141250836614544,0.037,0
-0.3102077941481284,0.038,0
-0.29520851941899773,0.039,0
-0.308585211627757,0.04,0
-0.27793770878195867,0.041,0
-0.35814485394105056,0.042,0
-0.20639436005092138,0.043000000000000003,0
-0.21922593694537892,0.044,0
-0.4825676147165685,0.045,0
-0.4094551234499878,0.046,0
-0.25240813530833023,0.047,0
-0.1803803342241516,0.048,0
-0.010407296455584136,0.049,0
-0.39329346832029943,0.05,0
-0.3180963620212155,0.051000000000000004,0
-0.33760350237670955,0.052000000000000005,0
-0.3173479705248313,0.053,0
-0.29216394337642004,0.054,0
-0.4086644604968883,0.055,0
-0.344210056433782,0.056,0
-0.3747712226976331,0.057,0
-0.3002217610962803,0.058,0
-0.37646383697494634,0.059000000000000004,0
-0.3342189977829124,0.06,0
-0.32050111022944805,0.061,0
-0.33603414461999104,0.062,0
-0.3808427172808153,0.063,0
-0.18569191489564424,0.064,0
-0.10889928994930162,0.065,0
-0.3590792092517704,0.066,0
-0.267596511998753,0.067,0
-0.1217649944829674,0.068,0
-0.35556402608362386,0.069,0
-0.23515814774221536,0.07,0
-0.3765265040456991,0.07100000000000001,0
-0.3371950441274979,0.07200000000000001,0
-0.3789305541624449,0.073,0
-0.11505775936459903,0.074,0
-0.18113186989955335,0.075,0
-0.3985421341431793,0.076,0
-0.2785698476462605,0.077,0
-0.49663198282861715,0.078,0
-0.28208191366542607,0.079,0
-0.092582453163848,0.08,0
-0.37041050856648366,0.081,0
-0.2207010713953254,0.082,0
-0.4715214752554407,0.083,0
-0.4845102754724892,0.084,0
-0.43982671657363814,0.085,0
-0.3282162125957367,0.08600000000000001,0
-0.23086972164804717,0.08700000000000001,0
-0.30239963959875515,0.088,0
-0.2438889465471339,0.089,0
-0.22909192245843712,0.09,0
-0.169429146918284,0.091,0
-0.3190285377852341,0.092,0
-0.3952202852579756,0.093,0
-0.3265566802035839,0.094,0
-0.23067359342858118,0.095,0
-0.33771868562989005,0.096,0
-0.3726686796750022,0.097,0
-0.32589038736562537,0.098,0
-0.38059014514753003,0.099,0
-0.1473766715625919,0.1,0
-0.2940914653394728,0.101,0
-0.23622076204345338,0.10200000000000001,0
-0.3552235993548325,0.10300000000000001,0
-0.44037467128731467,0.10400000000000001,0
-0.35120515096237653,0.105,0
-0.36604791099108086,0.106,0
-0.2480824845911737,0.107,0
-0.37216852531313677,0.108,0
-0.2721837745748503,0.109,0
-0.24753006254689974,0.11,0
-0.3062538873765777,0.111,0
-0.25494011283059015,0.112,0
-0.5116243575930471,0.113,0
-0.34313188986339827,0.114,0
-0.22768055733581055,0.115,0
-0.2657097601809803,0.116,0
-0.44953888558418964,0.117,0
-0.19906247163784974,0.11800000000000001,0
-0.1796525141999309,0.11900000000000001,0
-0.33956040226329137,0.12,0
-0.40590912741467405,0.121,0
-0.10211458701231596,0.122,0
-0.31909732053266276,0.123,0
-0.5216444812172154,0.124,0
-0.33482608282616044,0.125,0
-0.38813894515907316,0.126,0
-0.3038055849319337,0.127,0
-0.23497399994491325,0.128,0
-0.1899249568330136,0.129,0
-0.2335244075418639,0.13,0
-0.16352773669918685,0.131,0
-0.29806872986370087,0.132,0
-0.20890775754835111,0.133,0
-0.33299821963506115,0.134,0
-0.23793978736473223,0.135,0
-0.23807720457113762,0.136,0
-0.3810898617193096,0.137,0
-0.3689960378372994,0.138,0
-0.5268694944619485,0.139,0
-0.30571667053752577,0.14,0
-0.11995229202941154,0.14100000000000001,0
-0.20281725549194266,0.14200000000000002,0
-0.3640508586865458,0.14300000000000002,0
-0.2870472789117357,0.14400000000000002,0
-0.39517322474681615,0.145,0
-0.39836136331682975,0.146,0
-0.5170037151753255,0.147,0
-0.3284778785074778,0.148,0
-0.2922783755932607,0.149,0
-0.24918567399106717,0.15,0
-0.3108727732234331,0.151,0
-0.3422093711997664,0.152,0
-0.4542223735697124,0.153,0
-0.3575181743148878,0.154,0
-0.16592070610694887,0.155,0
-0.1803934826779776,0.156,0
-0.14384017875799668,0.157,0
-0.40627937312274565,0.158,0
-0.15916625984493726,0.159,0
-0.24235694591275325,0.16,0
-0.1793656391014225,0.161,0
-0.4203833243080388,0.162,0
-0.4534536279783164,0.163,0
-0.3768433421912786,0.164,0
-0.20602662363897867,0.165,0
-0.27009466709560426,0.166,0
-0.3248745122818828,0.167,0
-0.31932513214703673,0.168,0
-0.18321314358506835,0.169,0
-0.2767444782368041,0.17,0
-0.42744878480547366,0.171,0
-0.19484494729644591,0.17200000000000001,0
-0.3785216339298405,0.17300000000000001,0
-0.26222124848131845,0.17400000000000002,0
-0.32174636423215736,0.17500000000000002,0
-0.35980951173884707,0.176,0
-0.3136066538158844,0.177,0
-0.45459822151925566,0.178,0
-0.15479530999361274,0.179,0
-0.32789860839158247,0.18,0
-0.3706023299457739,0.181,0
-0.2984151114749309,0.182,0
-0.23329630892560468,0.183,0
-0.49159543343651263,0.184,0
-0.3956929190138897,0.185,0
-0.4058457119503338,0.186,0
-0.18508174894354396,0.187,0
-0.2534238578539154,0.188,0
-0.10100723505023268,0.189,0
-0.3335939425316472,0.19,0
-0.12531946988928594,0.191,0
-0.10788069577451012,0.192,0
-0.35602105764083714,0.193,0
-0.14311659371638885,0.194,0
-0.2556950904785012,0.195,0
-0.33675046969009453,0.196,0
-0.29016522305926656,0.197,0
-0.37256487398206173,0.198,0
-0.2157252110328191,0.199,0
-0.2569619814601628,0.2,0
-0.16968905909206802,0.201,0
-0.1599829896617693,0.202,0
-0.2962703383189442,0.203,0
-0.2590552168015332,0.20400000000000001,0
-0.3602172344016608,0.20500000000000002,0
-0.19436428433794783,0.20600000000000002,0
-0.24510463299451912,0.20700000000000002,0
-0.5274177113245987,0.20800000000000002,0
-0.3333120811136797,0.209,0
-0.34645122944351736,0.21,0
-0.1994304295392474,0.211,0
-0.49976369386601377,0.212,0
-0.40699636888300506,0.213,0
-0.44260160026872825,0.214,0
-0.3799107518241292,0.215,0
-0.28977754250687104,0.216,0
-0.24277226571214577,0.217,0
-0.21542263014581153,0.218,0
-0.3399857954630175,0.219,0
-0.23677000159772332,0.22,0
-0.32028147970820164,0.221,0
-0.3131386156221996,0.222,0
-0.344827534600345,0.223,0
-0.27596725021040847,0.224,0
-0.3200330355643542,0.225,0
-0.21807757834502234,0.226,0
-0.20755081140600945,0.227,0
-0.26793838494950883,0.228,0
-0.20156006592016273,0.229,0
-0.3217478226957097,0.23,0
-0.4532480654402009,0.231,0
-0.28407062495843705,0.232,0
-0.3425840315898177,0.233,0
-0.21742207102054414,0.234,0
-0.37910409763114405,0.23500000000000001,0
-0.29402252119372235,0.23600000000000002,0
-0.06132377338493697,0.23700000000000002,0
-0.3447744281577898,0.23800000000000002,0
-0.3651799882729425,0.23900000000000002,0
-0.3492335476387848,0.24,0
-0.29763450228823957,0.241,0
-0.35673031552334183,0.242,0
-0.2912275061480671,0.243,0
-0.39683989447292906,0.244,0
-0.17838420552855264,0.245,0
-0.373111705831362,0.246,0
-0.34596924280643887,0.247,0
-0.3708387964691283,0.248,0
-0.2765190401037849,0.249,0
-0.3349751214591139,0.25,0
-0.3589055777224601,0.251,0
-0.3063579211502258,0.252,0
-0.16590003777343496,0.253,0
-0.3515892587962174,0.254,0
-0.24182452110839123,0.255,0
-0.1683807438999573,0.256,0
-0.36583675250185377,0.257,0
-0.44745507947686985,0.258,0
-0.3104524275890852,0.259,0
-0.3779465476739453,0.26,0
-0.25717278266848526,0.261,0
-0.27461912614072165,0.262,0
-0.41348596378756175,0.263,0
-0.26853048228986315,0.264,0
-0.3690061665527965,0.265,0
-0.24124959672415647,0.266,0
-0.32068501363757057,0.267,0
-0.5318899328283982,0.268,0
-0.4030755402324866,0.269,0
-0.4996168659667834,0.27,0
-0.46410417416466143,0.271,0
-0.3649984016471586,0.272,0
-0.18549519959928543,0.273,0
-0.35121005184086823,0.274,0
-0.3037832589878291,0.275,0
-0.20999840305406256,0.276,0
-0.11798001477906,0.277,0
-0.13663673084961392,0.278,0
-0.2747169506851009,0.279,0
-0.38946523796003824,0.28,0
-0.07880684146366221,0.281,0
-0.4171096479089716,0.28200000000000003,0
-0.11788073709407981,0.28300000000000003,0
-0.266603865068824,0.28400000000000003,0
-0.4155257011586024,0.28500000000000003,0
-0.3753674231383213,0.28600000000000003,0
-0.32552702014308654,0.28700000000000003,0
-0.29853493859347796,0.28800000000000003,0
-0.33955914209737637,0.289,0
-0.26089367876111913,0.29,0
-0.2945822373793132,0.291,0
-0.3007538959382846,0.292,0
-0.45727353355074796,0.293,0
-0.4193352558400373,0.294,0
-0.3985680704600886,0.295,0
-0.344864360751168,0.296,0
-0.3512903607896095,0.297,0
-0.3876565102900181,0.298,0
-0.34819898810622923,0.299,0
-0.26019768090458095,0.3,0
-0.3965018540704338,0.301,0
-0.3557953594298345,0.302,0
-0.2515519721972613,0.303,0
-0.26285051410148697,0.304,0
-0.20665466109030267,0.305,0
-0.14799409961673848,0.306,0
-0.26746697262074726,0.307,0
-0.38693297111436686,0.308,0
-0.4490199255650027,0.309,0
-0.36124646926676046,0.31,0
-0.38693253794674204,0.311,0
-0.22477838247070706,0.312,0
-0.1505763802157353,0.313,0
-0.2539728588063404,0.314,0
-0.3158040047029306,0.315,0
-0.259126476691698,0.316,0
-0.4034214261725456,0.317,0
-0.3409965972967459,0.318,0
-0.23798222252036466,0.319,0
-0.4448457472453796,0.32,0
-0.23269215831062173,0.321,0
-0.17808237553349338,0.322,0
-0.3236436490685002,0.323,0
-0.34398975212312843,0.324,0
-0.1308055437080942,0.325,0
-0.2933221138737422,0.326,0
-0.12169573494676106,0.327,0
-0.3155600831933035,0.328,0
-0.2795204931453259,0.329,0
-0.24404792182916554,0.33,0
-0.1934069264724179,0.331,0
-0.28411676016651416,0.332,0
-0.1958315043002698,0.333,0
-0.4531928393871991,0.334,0
-0.36889641027219966,0.335,0
-0.47855481999296356,0.336,0
-0.3412935899494318,0.337,0
-0.3795359265380567,0.338,0
-0.5703123943830877,0.339,0
-0.13071590693410545,0.34,0
-0.09044212561847209,0.341,0
-0.1955977527717167,0.342,0
-0.4013117578179415,0.343,0
-0.1592606886229837,0.34400000000000003,0
-0.46801031777563235,0.34500000000000003,0
-0.43324558378488787,0.34600000000000003,0
-0.535345178531614,0.34700000000000003,0
-0.095129962436004,0.34800000000000003,0
-0.20964270028166385,0.34900000000000003,0
-0.38169928622609717,0.35000000000000003,0
-0.28971315397065717,0.35100000000000003,0
-0.38897774619710446,0.352,0
-0.19083844506969933,0.353,0
-0.3464339066192609,0.354,0
-0.3133686094348754,0.355,0
-0.31200237965521077,0.356,0
-0.4271428542590092,0.357,0
-0.2473044461371759,0.358,0
-0.33516676941446955,0.359,0
-0.17292285071706273,0.36,0
-0.28427217253253545,0.361,0
-0.13355783719876077,0.362,0
-0.23381961509646293,0.363,0
-0.3081330319932209,0.364,0
-0.3934102458725195,0.365,0
-0.26997311283458453,0.366,0
-0.3058744469818239,0.367,0
-0.40784715850787656,0.368,0
-0.14130870488888564,0.369,0
-0.29844307432740963,0.37,0
-0.2970293303589592,0.371,0
-0.41136518371109143,0.372,0
-0.29575103304356154,0.373,0
-0.21208963394798286,0.374,0
-0.11098528315954714,0.375,0
-0.23602171471714112,0.376,0
-0.41835132153683896,0.377,0
-0.4957036494842588,0.378,0
-0.4420233671983332,0.379,0
-0.21632528493519781,0.38,0
-0.3030243128395129,0.381,0
-0.3994500956935097,0.382,0
-0.25631715684664624,0.383,0
-0.2081282334182204,0.384,0
-0.29392448062440346,0.385,0
-0.2055326706923004,0.386,0
-0.1350433304830302,0.387,0
-0.21177527554468814,0.388,0
-0.4464761739108019,0.389,0
-0.38015618512593524,0.39,0
-0.3300438361756925,0.391,0
-0.2832488399880398,0.392,0
-0.25300050977755884,0.393,0
-0.28867337985379476,0.394,0
-0.32515026385388013,0.395,0
-0.48344397962071745,0.396,0
-0.3131795900790382,0.397,0
-0.2912044903391283,0.398,0
-0.34182810176969247,0.399,0
-0.41360780474016345,0.4,0
-0.4633144014020986,0.401,0
-0.34719252434010306,0.402,0
-0.22415578627433164,0.403,0
-0.3442903427639081,0.404,0
-0.2960858001223436,0.405,0
-0.23138131610556567,0.406,0
-0.16157797634128682,0.40700000000000003,0
-0.38450692918306145,0.40800000000000003,0
-0.3764565949935658,0.40900000000000003,0
-0.29991048468755566,0.41000000000000003,0
-0.22815659997640014,0.41100000000000003,0
-0.27298716959518543,0.41200000000000003,0
-0.20133858424742793,0.41300000000000003,0
-0.2432292593779377,0.41400000000000003,0
-0.2890644383270509,0.41500000000000004,0
-0.30713000511836974,0.41600000000000004,0
-0.293323837356908,0.417,0
-0.35844368102518714,0.418,0
-0.06847686854390672,0.419,0
-0.5121940167738193,0.42,0
-0.4827575745523951,0.421,0
-0.34384222082331917,0.422,0
-0.15925737588221797,0.423,0
-0.3782719164789101,0.424,0
-0.06346352100689898,0.425,0
-0.4425773451230396,0.426,0
-0.3939694199463566,0.427,0
-0.16651715057783806,0.428,0
-0.37178700716648927,0.429,0
-0.2910676503546069,0.43,0
-0.31737143339494023,0.431,0
-0.2781349602256218,0.432,0
-0.3273245061649374,0.433,0
-0.40600067275972684,0.434,0
-0.22198845154443766,0.435,0
0.0043042093750805255,0.436,0
-0.4640153713609683,0.437,0
-0.09747448422690047,0.438,0
-0.3457618725152762,0.439,0
-0.3040815299744767,0.44,0
-0.3354151282041079,0.441,0
-0.41739344941173134,0.442,0
-0.3010396290853962,0.443,0
-0.34542169370692866,0.444,0
-0.2037683938737812,0.445,0
-0.32304434680847544,0.446,0
-0.29206948071735134,0.447,0
-0.36837919576099026,0.448,0
-0.376995868908041,0.449,0
-0.2643611775131672,0.45,0
-0.17308119649936993,0.451,0
-0.18235364662936088,0.452,0
-0.21666855278159713,0.453,0
-0.3234770371485706,0.454,0
-0.22521030472077863,0.455,0
-0.31021144408424295,0.456,0
-0.41823408600618084,0.457,0
-0.25245988941940656,0.458,0
-0.36653134184063313,0.459,0
-0.2803196228027387,0.46,0
-0.26365297606094173,0.461,0
-0.25305861940082897,0.462,0
-0.30512354459906477,0.463,0
-0.2512672077051783,0.464,0
-0.40587730844668346,0.465,0
-0.29739868564930505,0.466,0
-0.3649954498798221,0.467,0
-0.46013082459697313,0.468,0
-0.35087394464098987,0.46900000000000003,0
-0.14412234916251138,0.47000000000000003,0
-0.1719764397085742,0.47100000000000003,0
-0.2622560808301585,0.47200000000000003,0
-0.3881223213619763,0.47300000000000003,0
-0.2681697300931948,0.47400000000000003,0
-0.27033852687685683,0.47500000000000003,0
-0.3445999223309905,0.47600000000000003,0
-0.30458522025810525,0.47700000000000004,0
-0.30187792354827037,0.47800000000000004,0
-0.27817984837273657,0.47900000000000004,0
-0.40996956160126324,0.48,0
-0.29191095497502645,0.481,0
-0.33263956698134173,0.482,0
-0.34940324245059273,0.483,0
-0.3323307699090489,0.484,0
-0.3298632099938792,0.485,0
-0.194552668724985,0.486,0
-0.5275611310894467,0.487,0
-0.3515782262196748,0.488,0
-0.17739166442815701,0.489,0
-0.4629767454378754,0.49,0
-0.27658877519949565,0.491,0
-0.4470022533802712,0.492,0
-0.3961269322749314,0.493,0
-0.2715608440781031,0.494,0
-0.30584780226922803,0.495,0
-0.22107268084624865,0.496,0
-0.1077917488365924,0.497,0
-0.21219796413818115,0.498,0
-0.30593503200363265,0.499,0
-0.2645865029593807,0.5,0
-0.373204004150361,0.501,0
-0.2683070446679958,0.502,0
-0.1854432195706593,0.503,0
-0.21412889205485128,0.504,0
-0.0617090311956337,0.505,0
-0.3869246824172282,0.506,0
-0.35033257005107765,0.507,0
-0.32434555263144016,0.508,0
-0.31208897891252435,0.509,0
-0.3396486088255322,0.51,0
-0.23634132832212593,0.511,0
-0.16672361157091403,0.512,0
-0.3055373830493946,0.513,0
-0.25020465822988047,0.514,0
-0.3459119333957772,0.515,0
-0.3685471316227953,0.516,0
-0.18218673810757668,0.517,0
-0.1441012753119059,0.518,0
-0.42706896681137035,0.519,0
-0.18044193291650362,0.52,0
-0.1844560884381742,0.521,0
-0.30016672842676684,0.522,0
-0.16348975393194204,0.523,0
-0.337215302634578,0.524,0
-0.22442291470790293,0.525,0
-0.4328403210793521,0.526,0
-0.1443639803918221,0.527,0
-0.37274665263109985,0.528,0
-0.25955459654757707,0.529,0
-0.5091651240865673,0.53,0
-0.2556647917038072,0.531,0
-0.1953136290082198,0.532,0
-0.24230526843178476,0.533,0
-0.30499192653038376,0.534,0
-0.277941192906285,0.535,0
-0.23311012742088083,0.536,0
-0.29019802596474237,0.537,0
-0.315584688149267,0.538,0
-0.053886570963892294,0.539,0
-0.14177019219756803,0.54,0
-0.1335800946945407,0.541,0
-0.381648229622705,0.542,0
-0.2731450815330356,0.543,0
-0.2786678588378,0.544,0
-0.4461172611914914,0.545,0
-0.18823299948380656,0.546,0
-0.5150708341077825,0.547,0
-0.27464283548478574,0.548,0
-0.15389631570363435,0.549,0
-0.2098365438710949,0.55,0
-0.2709497096957895,0.551,0
-0.35500474157637507,0.552,0
-0.27692599959395836,0.553,0
-0.21119789459902366,0.554,0
-0.19139349651650606,0.555,0
-0.3678830044883527,0.556,0
-0.2876380273717182,0.557,0
-0.328861780651494,0.558,0
-0.2831826872561017,0.559,0
-0.1520458587341811,0.56,0
-0.39975333962196247,0.561,0
-0.3113384250907428,0.562,0
-0.45308908831833605,0.5630000000000001,0
-0.47340249332508727,0.5640000000000001,0
-0.31446892915389646,0.5650000000000001,0
-0.2756874682692103,0.5660000000000001,0
-0.04700379592695114,0.5670000000000001,0
-0.2984416691866863,0.5680000000000001,0
-0.28485305283658646,0.5690000000000001,0
-0.44468128456968414,0.5700000000000001,0
-0.23856325624885935,0.5710000000000001,0
-0.4105103488889702,0.5720000000000001,0
-0.22807177131912873,0.5730000000000001,0
-0.26011797408084836,0.5740000000000001,0
-0.3282939345522232,0.5750000000000001,0
-0.3799862847862238,0.5760000000000001,0
-0.28401037210472646,0.577,0
-0.40741049163534493,0.578,0
-0.46078476756923586,0.579,0
-0.2756584772299435,0.58,0
-0.18312403938028798,0.581,0
-0.29200571384536567,0.582,0
-0.4022308394719991,0.583,0
-0.24062853700780631,0.584,0
-0.3049169493930485,0.585,0
-0.3590659483526194,0.586,0
-0.2717416037439448,0.587,0
-0.23242094632519306,0.588,0
-0.2788410111374211,0.589,0
-0.3843705201443671,0.59,0
-0.14911603924890898,0.591,0
-0.20833588292883476,0.592,0
-0.22444675009681994,0.593,0
-0.1586268693786974,0.594,0
-0.22936065143881146,0.595,0
-0.563990892840178,0.596,0
-0.17515435992796213,0.597,0
-0.15235545295687566,0.598,0
-0.18653750100822386,0.599,0
-0.2505169006957212,0.6,0
-0.15980903956318826,0.601,0
-0.38422674637384535,0.602,0
-0.282956762547026,0.603,0
-0.14684603834087762,0.604,0
-0.22923694637786823,0.605,0
-0.2747261860719452,0.606,0
-0.30914223135336827,0.607,0
-0.40400077727231604,0.608,0
-0.27963314667957956,0.609,0
-0.1399177319587222,0.61,0
-0.3436502996933255,0.611,0
-0.24601752807804844,0.612,0
-0.18915798585607996,0.613,0
-0.4136585325914574,0.614,0
-0.19654562735376463,0.615,0
-0.4170566432438855,0.616,0
-0.2844721948474926,0.617,0
-0.3949047979028516,0.618,0
-0.3730625585191137,0.619,0
-0.27993846474785206,0.62,0
-0.500140110222435,0.621,0
-0.35744229263133903,0.622,0
-0.23350744995571143,0.623,0
-0.27875073132634165,0.624,0
-0.28101111718317157,0.625,0
-0.43321826478563386,0.626,0
-0.4294955479458033,0.627,0
-0.45288985228663564,0.628,0
-0.4931407096961902,0.629,0
-0.33158077495695154,0.63,0
-0.3086629555908678,0.631,0
-0.4050233667992849,0.632,0
-0.3639218177155645,0.633,0
-0.3663016852281734,0.634,0
-0.2859139586140142,0.635,0
-0.4310728372513467,0.636,0
-0.35967748669896016,0.637,0
-0.4053303283709552,0.638,0
-0.28851476728215375,0.639,0
-0.2997933318337725,0.64,0
-0.20966198035793177,0.641,0
-0.38615165838138926,0.642,0
-0.17317691944836805,0.643,0
-0.16463821033335518,0.644,0
-0.4271424900222529,0.645,0
-0.028724737487035634,0.646,0
-0.3604440068289104,0.647,0
-0.1799902678160682,0.648,0
-0.4058386139374216,0.649,0
-0.3301562313184426,0.65,0
-0.30778120656170427,0.651,0
-0.3562309074070587,0.652,0
-0.32465488983890545,0.653,0
-0.24654980042454244,0.654,0
-0.1829941455827625,0.655,0
-0.313885777339962,0.656,0
-0.24919234263341677,0.657,0
-0.361686924279393,0.658,0
-0.18957787071023538,0.659,0
-0.13783284595691297,0.66,0
-0.3449035477099646,0.661,0
-0.4338467857533166,0.662,0
-0.32696354753026574,0.663,0
-0.270604044461896,0.664,0
-0.2980283942106408,0.665,0
-0.41823657385753243,0.666,0
-0.2437424813078451,0.667,0
-0.30586710721090254,0.668,0
-0.29535873677884467,0.669,0
-0.30877719845162016,0.67,0
-0.40853210617842006,0.671,0
-0.3440391218887516,0.672,0
-0.31450122134765873,0.673,0
-0.14190636471653267,0.674,0
-0.2949875356124085,0.675,0
-0.35917775927538664,0.676,0
-0.3311228467770346,0.677,0
-0.20518710071555618,0.678,0
-0.2350332695277498,0.679,0
-0.22954579511813406,0.68,0
-0.20076038006683727,0.681,0
-0.3929449790290667,0.682,0
-0.39153920042547624,0.683,0
-0.3828167358938167,0.684,0
-0.24019523135718812,0.685,0
-0.2836913249861999,0.686,0
-0.3444575948862914,0.687,0
-0.3910133637482732,0.6880000000000001,0
-0.2971040988219844,0.6890000000000001,0
-0.2673629700221112,0.6900000000000001,0
-0.06859758646229397,0.6910000000000001,0
-0.2797287256785876,0.6920000000000001,0
-0.22158123713310884,0.6930000000000001,0
-0.3448870852991235,0.6940000000000001,0
-0.25395985717877667,0.6950000000000001,0
-0.3614190736323891,0.6960000000000001,0
-0.27677564970178536,0.6970000000000001,0
-0.2189662278307758,0.6980000000000001,0
-0.08614174629362309,0.6990000000000001,0
-0.21265996865300962,0.7000000000000001,0
-0.3409136659963735,0.7010000000000001,0
-0.25354122556738123,0.7020000000000001,0
-0.33627846849411586,0.7030000000000001,0
-0.04833445878660303,0.704,0
-0.313795870333195,0.705,0
-0.2770037144554376,0.706,0
-0.2699339138925123,0.707,0
-0.4074630781573791,0.708,0
-0.33344263017959586,0.709,0
-0.3183757669652112,0.71,0
-0.5014801314665502,0.711,0
-0.2789682457972492,0.712,0
-0.3702578519474287,0.713,0
-0.2653872783684545,0.714,0
-0.24634933734089737,0.715,0
-0.3848207804293255,0.716,0
-0.28518890593846186,0.717,0
-0.22722273652698333,0.718,0
-0.26731106935663845,0.719,0
-0.28170382464359917,0.72,0
-0.34833068713154447,0.721,0
-0.3014132160811868,0.722,0
-0.31235064870668167,0.723,0
-0.48374513459421753,0.724,0
-0.12359412389312738,0.725,0
-0.26389555532923287,0.726,0
-0.28956370702110856,0.727,0
-0.16246445499569537,0.728,0
-0.5596963067660822,0.729,0
-0.24744339326644896,0.73,0
-0.40287564511514723,0.731,0
-0.2465014178872108,0.732,0
-0.2230437400903858,0.733,0
-0.19984249084146954,0.734,0
-0.19450563769791324,0.735,0
-0.03334294590917247,0.736,0
-0.3785654319879316,0.737,0
-0.25725263154975286,0.738,0
-0.3181672249556084,0.739,0
-0.2703172755412451,0.74,0
-0.3207310259463777,0.741,0
-0.2089460202008686,0.742,0
-0.2776773496772587,0.743,0
-0.3479771945897333,0.744,0
-0.3446369294396746,0.745,0
-0.29456149367972917,0.746,0
-0.1366406740440387,0.747,0
-0.36098662126454584,0.748,0
-0.36388997178342203,0.749,0
-0.47030367012705043,0.75,0
-0.13190427777834884,0.751,0
-0.3305843837300997,0.752,0
-0.2878535955447155,0.753,0
-0.42423116056215154,0.754,0
-0.31801177546783177,0.755,0
-0.17651672628179782,0.756,0
-0.23043537786307833,0.757,0
-0.35590175576221905,0.758,0
-0.21262679449301747,0.759,0
-0.07351190254321577,0.76,0
-0.4861248422867339,0.761,0
-0.3343655619583252,0.762,0
-0.3786433118061954,0.763,0
-0.2228317158822855,0.764,0
-0.2673892472413657,0.765,0
-0.08886172933075775,0.766,0
-0.4661900471787964,0.767,0
-0.3748439523845621,0.768,0
-0.2037657332496711,0.769,0
-0.32453810669642047,0.77,0
-0.35760301739198064,0.771,0
-0.20087076740660498,0.772,0
-0.2035166859013356,0.773,0
-0.36109469001139544,0.774,0
-0.34437547153118653,0.775,0
-0.38066371724720854,0.776,0
-0.27494276611935353,0.777,0
-0.2524730676087261,0.778,0
-0.3993379189077703,0.779,0
-0.34836903255929286,0.78,0
-0.3543495608465665,0.781,0
-0.07977318220274221,0.782,0
-0.11716067445306452,0.783,0
-0.25310229060495437,0.784,0
-0.2811681507345754,0.785,0
-0.3903974141208403,0.786,0
-0.3202208185574804,0.787,0
-0.23349563529292677,0.788,0
-0.1980230811647794,0.789,0
-0.5363419976631414,0.79,0
-0.39054384849359575,0.791,0
-0.3467596077794536,0.792,0
-0.39974213288131616,0.793,0
-0.28612597603886364,0.794,0
-0.19232599120370125,0.795,0
-0.22868073906772446,0.796,0
-0.19372930739862815,0.797,0
-0.5592718460137033,0.798,0
-0.18374636631422891,0.799,0
-0.22708453783265492,0.8,0
-0.34509549598065603,0.801,0
-0.27089291648411457,0.802,0
-0.13063076220312034,0.803,0
-0.3244670251396931,0.804,0
-0.19719314174444214,0.805,0
-0.16994301413891424,0.806,0
-0.1885742993053071,0.807,0
-0.4233929480145811,0.808,0
-0.2843806433131858,0.809,0
-0.3524131195747268,0.81,0
-0.24413321076947747,0.811,0
-0.2923431774845181,0.812,0
-0.2809669594273952,0.8130000000000001,0
-0.4882054545864313,0.8140000000000001,0
-0.6008369766781148,0.8150000000000001,0
-0.361714485865655,0.8160000000000001,0
-0.18669395054157525,0.8170000000000001,0
-0.2581910655268016,0.8180000000000001,0
-0.2986625724629444,0.8190000000000001,0
-0.3312651142368183,0.8200000000000001,0
-0.20656136891119464,0.8210000000000001,0
-0.3461149414811062,0.8220000000000001,0
-0.3563491231924798,0.8230000000000001,0
-0.2681039315601581,0.8240000000000001,0
-0.3415113244223892,0.8250000000000001,0
-0.11488231736109616,0.8260000000000001,0
-0.3084388575299912,0.8270000000000001,0
-0.3701608024074118,0.8280000000000001,0
-0.25215771305972795,0.8290000000000001,0
-0.23528809390523622,0.8300000000000001,0
-0.27506916049412516,0.8310000000000001,0
-0.4790454957063646,0.8320000000000001,0
-0.2640756360089214,0.833,0
-0.28853643685235003,0.834,0
-0.1673074715732503,0.835,0
-0.398464620987312,0.836,0
-0.2518455588874712,0.837,0
-0.45381238591809814,0.838,0
-0.1834708579668874,0.839,0
-0.34859674464322427,0.84,0
-0.13888488415851039,0.841,0
-0.4408247649256526,0.842,0
-0.32987988162943893,0.843,0
-0.4050269434245148,0.844,0
-0.3626976867115674,0.845,0
-0.4852331699998253,0.846,0
-0.4944849942671344,0.847,0
-0.18032568307391394,0.848,0
-0.3659170842437698,0.849,0
-0.222314102376094,0.85,0
-0.27888527171946187,0.851,0
-0.16828090276853702,0.852,0
-0.3046855323868313,0.853,0
-0.16117694688012865,0.854,0
-0.23060158076147597,0.855,0
-0.2991151187378674,0.856,0
-0.22692102463431602,0.857,0
-0.3006206609875551,0.858,0
-0.3996648760964831,0.859,0
-0.2525283833906645,0.86,0
-0.3388946425900739,0.861,0
-0.27089362003423473,0.862,0
-0.32524384074261803,0.863,0
-0.3253431770828862,0.864,0
-0.36752785843026875,0.865,0
-0.328417370422107,0.866,0
-0.1378825109720407,0.867,0
-0.16728013768877573,0.868,0
-0.419516718143187,0.869,0
-0.22546539295837048,0.87,0
-0.32696029406516,0.871,0
-0.2895103330821532,0.872,0
-0.31410506278956524,0.873,0
-0.49426813062077746,0.874,0
-0.1618079216404937,0.875,0
-0.43147008530941655,0.876,0
-0.3398076724519143,0.877,0
-0.31705028815681113,0.878,0
-0.22890737167013753,0.879,0
-0.3937738230267013,0.88,0
-0.34283394764423397,0.881,0
-0.31851732120219106,0.882,0
-0.19729200323717144,0.883,0
-0.39194769944260355,0.884,0
-0.26633243271338986,0.885,0
-0.2624244748220358,0.886,0
-0.4155832137584347,0.887,0
-0.3660345511065542,0.888,0
-0.24236249493260448,0.889,0
-0.35492117268510603,0.89,0
-0.2139483797774965,0.891,0
-0.3765394957630451,0.892,0
-0.2194308483567684,0.893,0
-0.1187653015327583,0.894,0
-0.4703541129313582,0.895,0
-0.2614307230861063,0.896,0
-0.3664165871661147,0.897,0
-0.18686505343708226,0.898,0
-0.2859710629511822,0.899,0
-0.36612410785002847,0.9,0
-0.4004254460545284,0.901,0
-0.36708052922191037,0.902,0
-0.35833042979050533,0.903,0
-0.27679397771339354,0.904,0
-0.338123306985021,0.905,0
-0.3750355273416288,0.906,0
-0.1661545063824196,0.907,0
-0.28056079729010486,0.908,0
-0.22981628560812128,0.909,0
-0.16342613594335617,0.91,0
-0.41860669540484674,0.911,0
-0.4132369316529655,0.912,0
-0.2714128204638653,0.913,0
-0.23147279443026514,0.914,0
-0.4067055318357899,0.915,0
-0.3044307855583996,0.916,0
-0.22449056781714782,0.917,0
-0.2546082963042551,0.918,0
-0.08894802389304085,0.919,0
-0.26542701346999575,0.92,0
-0.525886422174248,0.921,0
-0.2679640309042686,0.922,0
-0.2143472676761685,0.923,0
-0.3861671521172974,0.924,0
-0.33826656508317066,0.925,0
-0.34258990601546324,0.926,0
-0.2424312856652599,0.927,0
-0.2676196555440168,0.928,0
-0.35061948542009486,0.929,0
-0.19224854549117038,0.93,0
-0.3672798335590218,0.931,0
-0.34637339958639346,0.932,0
-0.20464641439419196,0.933,0
-0.327469807375693,0.934,0
-0.21499845483163146,0.935,0
-0.30637773228700715,0.936,0
-0.3231270628622692,0.937,0
-0.23735975786827862,0.9380000000000001,0
-0.19600966598825323,0.9390000000000001,0
-0.23532466013286674,0.9400000000000001,0
-0.2577712542307282,0.9410000000000001,0
-0.27482597012654797,0.9420000000000001,0
-0.24464480556026252,0.9430000000000001,0
-0.23097945937527267,0.9440000000000001,0
-0.37524138193350975,0.9450000000000001,0
-0.17689287237033996,0.9460000000000001,0
-0.3845699825072751,0.9470000000000001,0
-0.36014106055832285,0.9480000000000001,0
-0.23501799882563085,0.9490000000000001,0
-0.41351589713198417,0.9500000000000001,0
-0.28397948693845465,0.9510000000000001,0
-0.2743652345359335,0.9520000000000001,0
-0.25996171250345423,0.9530000000000001,0
-0.31196513393614267,0.9540000000000001,0
-0.2421128211119586,0.9550000000000001,0
-0.10557862829540518,0.9560000000000001,0
-0.19869620578288208,0.9570000000000001,0
-0.3155389689392992,0.9580000000000001,0
-0.45605247580005726,0.9590000000000001,0
-0.37315680098263626,0.96,0
-0.39367536050737983,0.961,0
-0.34656221300364115,0.962,0
-0.384624404109727,0.963,0
-0.4440398598502099,0.964,0
-0.19625473745423241,0.965,0
-0.13693484232945713,0.966,0
-0.2944182886857558,0.967,0
-0.2014861837635853,0.968,0
-0.12873100590767167,0.969,0
-0.3359427088423763,0.97,0
-0.16856230436169872,0.971,0
-0.6119903366272159,0.972,0
-0.30577553092665594,0.973,0
-0.37322010102498704,0.974,0
-0.37593360474590287,0.975,0
-0.20148882282284725,0.976,0
-0.29412407133447777,0.977,0
-0.192038780214368,0.978,0
-0.3399250299784826,0.979,0
-0.3795403886044051,0.98,0
-0.28668728127557114,0.981,0
-0.057825252543505845,0.982,0
-0.388427766534013,0.983,0
-0.24349090168789772,0.984,0
-0.45290890321440086,0.985,0
-0.33171969360159625,0.986,0
-0.25040952887221185,0.987,0
-0.21707136574964842,0.988,0
-0.31894649785825446,0.989,0
-0.1811136265710397,0.99,0
-0.3637402211377345,0.991,0
-0.3555579599391586,0.992,0
-0.3192257101039299,0.993,0
-0.40268261408138833,0.994,0
-0.20165221689956425,0.995,0
-0.20673048086983808,0.996,0
-0.20371267628341874,0.997,0
-0.218628789195046,0.998,0
-0.28054876063534634,0.999,0
-0.4916012589719957,1,0
